-- phpMyAdmin SQL Dump
-- version 5.2.1
-- https://www.phpmyadmin.net/
--
-- Gép: 127.0.0.1
-- Létrehozás ideje: 2025. Ápr 14. 12:44
-- Kiszolgáló verziója: 10.4.32-MariaDB
-- PHP verzió: 8.2.12

SET SQL_MODE = "NO_AUTO_VALUE_ON_ZERO";
START TRANSACTION;
SET time_zone = "+00:00";


/*!40101 SET @OLD_CHARACTER_SET_CLIENT=@@CHARACTER_SET_CLIENT */;
/*!40101 SET @OLD_CHARACTER_SET_RESULTS=@@CHARACTER_SET_RESULTS */;
/*!40101 SET @OLD_COLLATION_CONNECTION=@@COLLATION_CONNECTION */;
/*!40101 SET NAMES utf8mb4 */;

--
-- Adatbázis: `halaliweb`
--

DELIMITER $$
--
-- Függvények
--
CREATE DEFINER=`root`@`localhost` FUNCTION `clean_url` (`input_text` TEXT) RETURNS TEXT CHARSET utf8 COLLATE utf8_hungarian_ci DETERMINISTIC BEGIN
    DECLARE result TEXT;
    SET result = LOWER(input_text);
    
    -- Ékezetek cseréje
    SET result = REPLACE(result, 'á', 'a');
    SET result = REPLACE(result, 'é', 'e');
    SET result = REPLACE(result, 'í', 'i');
    SET result = REPLACE(result, 'ó', 'o');
    SET result = REPLACE(result, 'ö', 'o');
    SET result = REPLACE(result, 'ő', 'o');
    SET result = REPLACE(result, 'ú', 'u');
    SET result = REPLACE(result, 'ü', 'u');
    SET result = REPLACE(result, 'ű', 'u');

    -- Speciális karakterek
    SET result = REPLACE(result, '/', '-');
    SET result = REPLACE(result, '"', '-');
    SET result = REPLACE(result, ' ', '-');

    -- Többszörös kötőjelek csökkentése
    WHILE INSTR(result, '--') > 0 DO
        SET result = REPLACE(result, '--', '-');
    END WHILE;

    RETURN result;
END$$

DELIMITER ;

-- --------------------------------------------------------

--
-- Tábla szerkezet ehhez a táblához `felhasznalo`
--

CREATE TABLE `felhasznalo` (
  `fh_nev` varchar(25) NOT NULL,
  `jelszo` varchar(10000) NOT NULL,
  `vezeteknev` text NOT NULL,
  `keresztnev` text NOT NULL,
  `szamlazasi_iranyitoszam` int(4) NOT NULL,
  `szamlazasi_telepules` text NOT NULL,
  `szamlazasi_utca` varchar(50) NOT NULL,
  `szamlazasi_hazszam` varchar(20) NOT NULL,
  `szamlazasi_cegnev` varchar(50) NOT NULL,
  `szamlazasi_adoszam` int(11) NOT NULL,
  `kezbesitesi_iranyitoszam` int(4) NOT NULL,
  `kezbesitesi_telepules` text NOT NULL,
  `kezbesitesi_utca` varchar(50) NOT NULL,
  `kezbesitesi_hazszam` varchar(20) NOT NULL,
  `telefonszam` varchar(15) NOT NULL,
  `email` varchar(50) NOT NULL,
  `jogosultsag` varchar(20) DEFAULT 'user'
) ENGINE=InnoDB DEFAULT CHARSET=utf8 COLLATE=utf8_unicode_ci;

--
-- A tábla adatainak kiíratása `felhasznalo`
--

INSERT INTO `felhasznalo` (`fh_nev`, `jelszo`, `vezeteknev`, `keresztnev`, `szamlazasi_iranyitoszam`, `szamlazasi_telepules`, `szamlazasi_utca`, `szamlazasi_hazszam`, `szamlazasi_cegnev`, `szamlazasi_adoszam`, `kezbesitesi_iranyitoszam`, `kezbesitesi_telepules`, `kezbesitesi_utca`, `kezbesitesi_hazszam`, `telefonszam`, `email`, `jogosultsag`) VALUES
('admin', '$2y$10$ZV5/kz0Yn1IB687p5eqfAuMCureJAlRueIJwPNtionjFT/mh8lUGK', 'a', 'a', 8181, 'Berhida', 'Fő', '99', 'asd', 2147483647, 8181, 'Berhida', 'Fő', '99', '+36 36 242 3423', 'a@gmail.com', 'admin'),
('b', '$2y$10$/jo.zuoSmbDGDUS6O.4QBuGIcEg5q5uuV/ZrbauzPM18rZvnIube2', 'b', 'b', 0, '', '', '', '', 0, 0, '', '', '', '0', 'b@gmailcom', 'user');

-- --------------------------------------------------------

--
-- Tábla szerkezet ehhez a táblához `kategoria`
--

CREATE TABLE `kategoria` (
  `id` int(3) NOT NULL,
  `nev` varchar(100) NOT NULL,
  `leiras` varchar(1000) NOT NULL
) ENGINE=InnoDB DEFAULT CHARSET=utf8 COLLATE=utf8_unicode_ci;

--
-- A tábla adatainak kiíratása `kategoria`
--

INSERT INTO `kategoria` (`id`, `nev`, `leiras`) VALUES
(4, 'Feliratozás és matricázás', 'Feliratozás és matricázás'),
(5, 'Erősáramú vezetékek és kábelek', 'Erősáramú vezetékek és kábelek'),
(6, 'Gyengeáramú vezetékek és kábelek', 'Gyengeáramú vezetékek és kábelek'),
(7, 'Kislakáselosztók', 'Kislakáselosztók, moduláris elosztó szekrények, üres műanyag és fém szekrények, kiegészítők'),
(8, 'Áramvédő kapcsolók', 'Fi relék - Áramvédő kapcsolók'),
(9, 'Kismegszakítók', 'Kismegszakítók'),
(10, 'Villanyóra szekrények', 'Villanyóra szekrények, villanyóra dobozok és tartozékaik'),
(11, 'Egyéb szerelvények', 'Fésűs-villás sínek, Csapos sínek és tartozékaik\r\nRézsínek, gyűjtősínek, földelő sínek és tartozékaik - potenciál kiegyenlítők, kalapsínek\r\nSzerelvénydobozok és kötődobozok\r\nMűanyag védőcsövek és tartozékai\r\nSorkapcsok, Fővezetékkapcsok, Vezeték összekötők, Szigetelőszalagok\r\nRögzítéstechnika: csavarok, tiplik, ragasztástechnika, kötéstechnika, kötegelők, bilincsek, konzolok\r\n'),
(12, 'Falon kívüli szerelvények és tartozékaik', 'Falon kívüli szerelvények és tartozékaik / konnektorok, dugaljak'),
(13, 'Süllyesztett szerelvények és tartozékaik', 'Süllyesztett szerelvények és tartozékaik'),
(14, 'Világítástechnika', 'Világítástechnika'),
(15, 'Szerszámok és tartozékaik', 'Szerszámok és tartozékaik'),
(16, 'Ipari kapcsolók és tartozékaik', 'Ipari kapcsolók és tartozékaik'),
(17, 'Olvadóbiztosító aljzatok és biztosító betétek', 'Olvadóbiztosító aljzatok és biztosító betétek'),
(18, 'Vezérléstechnika', 'Vezérléstechnika: relék, impulzusrelék, időzítők, kapcsolóórák, alkonykapcsolók'),
(19, 'Villanyszerelési mérőműszerek', 'Villanyszerelési mérőműszerek, fogyasztásmérők és tartozékaik');

-- --------------------------------------------------------

--
-- Tábla szerkezet ehhez a táblához `megrendeles`
--

CREATE TABLE `megrendeles` (
  `id` int(10) NOT NULL,
  `fh_nev` varchar(25) NOT NULL,
  `szallitasi_mod` text NOT NULL,
  `fizetesi_mod` text NOT NULL,
  `osszeg` int(100) NOT NULL,
  `szallitas` text NOT NULL,
  `vegosszeg` int(100) NOT NULL,
  `leadas_datum` date NOT NULL,
  `statusz` text NOT NULL DEFAULT 'feldolgozás alatt'
) ENGINE=InnoDB DEFAULT CHARSET=utf8 COLLATE=utf8_unicode_ci;

--
-- A tábla adatainak kiíratása `megrendeles`
--

INSERT INTO `megrendeles` (`id`, `fh_nev`, `szallitasi_mod`, `fizetesi_mod`, `osszeg`, `szallitas`, `vegosszeg`, `leadas_datum`, `statusz`) VALUES
(33, 'admin', 'standard', 'kartya', 100, '1690', 1790, '2025-02-09', 'kész'),
(34, 'admin', 'standard', 'kartya', 100, '1690', 1790, '2025-02-18', 'csomagolva'),
(35, 'admin', 'standard', 'kartya', 100, '1690', 1790, '2025-02-18', 'feldolgozás alatt'),
(36, 'admin', 'standard', 'kartya', 502210, '0', 502210, '2025-02-18', 'feldolgozás alatt'),
(37, 'admin', 'standard', 'kartya', 73990, '0', 73990, '2025-02-18', 'kész'),
(39, 'admin', 'standard', 'kartya', 210520, '0', 210520, '2025-02-18', 'feldolgozás alatt'),
(40, 'admin', 'standard', 'kartya', 787239, '0', 787239, '2025-02-18', 'csomagolva'),
(42, 'admin', 'standard', 'utanvet', 1506730, '0', 1506730, '2025-02-25', 'feldolgozás alatt'),
(43, 'admin', 'standard', 'utanvet', 419, '1690', 2109, '2025-02-28', 'feldolgozás alatt'),
(44, 'admin', 'standard', 'kartya', 100, '1690', 1790, '2025-03-02', 'feldolgozás alatt'),
(45, 'admin', 'standard', 'kartya', 73990, '0', 73990, '2025-03-02', 'feldolgozás alatt'),
(46, 'admin', '', '', 0, '', 0, '2025-03-02', 'feldolgozás alatt');

-- --------------------------------------------------------

--
-- Tábla szerkezet ehhez a táblához `termek`
--

CREATE TABLE `termek` (
  `id` int(10) NOT NULL,
  `nev` varchar(100) NOT NULL,
  `egysegar` int(8) NOT NULL,
  `leiras` mediumtext NOT NULL,
  `gyarto` varchar(100) NOT NULL,
  `tipus` varchar(100) NOT NULL,
  `kategoria_id` int(3) NOT NULL,
  `elerheto_darab` int(5) NOT NULL,
  `kep` text NOT NULL,
  `akcios_ar` int(11) DEFAULT NULL,
  `akcio_kezdete` datetime DEFAULT NULL,
  `akcio_vege` datetime DEFAULT NULL,
  `urlnev` varchar(255) DEFAULT NULL
) ENGINE=InnoDB DEFAULT CHARSET=utf8 COLLATE=utf8_unicode_ci;

--
-- A tábla adatainak kiíratása `termek`
--

INSERT INTO `termek` (`id`, `nev`, `egysegar`, `leiras`, `gyarto`, `tipus`, `kategoria_id`, `elerheto_darab`, `kep`, `akcios_ar`, `akcio_kezdete`, `akcio_vege`, `urlnev`) VALUES
(9, 'Figyelmeztető Matrica 400V \"160x100MM\"', 100, '<section class=\"termek-leiras\">\r\n\r\n  <p>Figyelmeztető Matrica Öntapadós – \"Vigyázz! 400V\" 160x100mm</p>\r\n\r\n  <p>1 db, 160x100mm méretű matrica \"Vigyázz! 400V!\" felirattal!</p>\r\n\r\n  <p>A feltüntetett ár 1 db matricát tartalmaz.</p>\r\n\r\n  <p>Az öntapadós matricák rendkívül hasznosak a villanyszerelés területén, amikor pontos és jól látható jelölésekre van szükség. Ezek a matricák a következőképpen használhatók:</p>\r\n\r\n  <ol>\r\n    <li>\r\n      <p><strong>Válassza ki a megfelelő matricát:</strong> Mindig válassza ki azon matricákat, amelyek a kívánt információval rendelkeznek. Például, címkézze fel a konnektorokat a feszültség, áramlás vagy egyéb releváns adatokkal.</p>\r\n    </li>\r\n    <li>\r\n      <p><strong>Alapos tisztítás:</strong> A felragasztás előtt biztosítsa, hogy a felület tiszta és száraz legyen. A por és szennyeződések befolyásolhatják az öntapadós matrica tapadását.</p>\r\n    </li>\r\n    <li>\r\n      <p><strong>Pontos helymeghatározás:</strong> Helyezze a matricát olyan helyre, amely könnyen látható és olvasható. A kapcsolók, konnektorok és egyéb elektromos berendezések közelében alkalmazva segít az azonnali azonosításban.</p>\r\n    </li>\r\n  </ol>\r\n\r\n</section>\r\n', 'HaLáli Kft.', 'Öntapadós', 4, 104, 'képek/400voltvigyazzmatrica.webp', 50, '2025-04-13 20:30:00', '2025-06-21 20:30:00', 'figyelmezteto-matrica-400v-160x100mm-'),
(10, 'MCU 0,75 fekete vezeték', 55, '<section class=\"termek-leiras\">\r\n\r\n  <p>MCU 0,75 vezeték (H05V-U) tömör réz kábel elektromos villanyvezeték fekete (200m)</p>\r\n\r\n  <p>MCu 0,75 mm<sup>2</sup> vezeték egyerű műanyag érszigetelésű, köpeny nélküli tömör rézvezeték. A villanyvezeték alkalmazása védőcsőbe vezetve vakolat alatt vagy falon szerelve.</p>\r\n\r\n  <p><strong>Vezeték keresztmetszet:</strong> 0,75 mm<sup>2</sup></p>\r\n  <p><strong>Szín:</strong> fekete</p>\r\n  <p><strong>Szigetelés:</strong> 500V</p>\r\n  <p><strong>Kiszerelés:</strong> 200m/tekercs</p>\r\n  <p><strong>Külső átmérő:</strong> ~ 2,1mm</p>\r\n\r\n  <p>Az MCU vezeték kiváló választás lehet a lakásban történő villanyszereléshez. Az MCU vezeték egy eres, merev szerkezetű és szigetelt elektromos vezeték, amely többféle színben elérhető a könnyebb azonosítás érdekében.</p>\r\n\r\n  <h3>Mire jó az MCU vezeték?</h3>\r\n  <p>Az MCU vezeték alkalmas a háztartási villanyszerelési feladatokhoz. Kiválóan használható konnektorok, kapcsolók, világítás és egyéb elektromos berendezések csatlakoztatására. Az MCU vezeték lehetővé teszi az elektromos áram biztonságos és hatékony átvitelét a lakásban.</p>\r\n\r\n  <h3>Milyen vezetéket válasszak a lakásba? (Milyen villanyvezeték kell a lakásba?)</h3>\r\n  <p>A lakásban való felhasználásra ajánlott vezetéket a biztonság, az előírások és a funkciók figyelembevételével kell kiválasztani. Ennek kiválasztását érdemes minden esetben szakemberre bízni. Az MCU vezeték ideális választás lehet általános villanyszerelési célokra, konnektorok és kapcsolók vagy lámpák kialakításához. Az MCU vezeték abban az esetben megfelelő választás, ha védőcsőben, gégecsőben vagy más védelmet nyújtó csőrendszerben kerül elvezetésre.</p>\r\n\r\n  <h3>MCU 0,75 \"elektromos kábel\" jellemzői:</h3>\r\n  <p>Az MCU 1x 0,75mm<sup>2</sup> vezeték egy olyan típusú vezeték, amelynek 0,75mm<sup>2</sup> keresztmetszetű rézvezetője van. Az M jelzi a műanyag szigetelést, a Cu pedig a vezető anyagát, ami réz. Ez a vezeték különböző színekben kapható, és a kék szín például a nulla vezetőt, a zöld-sárga csíkos pedig a védőföldet jelöli. A fázisvezetőt általában a legsötétebb színű vezetékkel jelölik, például feketével (L1), míg az L2 általában barna, az L3 pedig szürke.</p>\r\n\r\n  <h3>Keresztmetszet és terhelhetőség:</h3>\r\n  <p>Az MCU vezetékek különböző keresztmetszetekben elérhetők, és a kiválasztott keresztmetszet határozza meg a vezeték terhelhetőségét, figyelembe véve a hosszúságot és a beépítési körülményeket.</p>\r\n\r\n  <p>Ezek az információk segítenek Önnek eligazodni a lakásban történő villanyszerelés során, és biztosítják a biztonságos és megfelelő vezeték kiválasztását.</p>\r\n\r\n</section>\r\n', 'Prysmian Kft.', 'tömör ', 5, 233, 'képek/0,75tomor_fekete_rezvezetek.webp', NULL, NULL, NULL, 'mcu-0,75-fekete-vezetek'),
(11, 'Tűzálló kábel', 240, '<section class=\"termek-leiras\">\r\n\r\n  <p><strong>Tűzálló kábel 1x2x0,8 JB-H(St)H E90 (JE-H(St)H BD E90) árnyékolt tömör réz vezeték.</strong></p>\r\n\r\n  <p>A tűzálló kábel halogénmentes, csillámszalag érszigetelésű, halogénmentes műanyag fólia szigeteléssel, műanyag kasírozású fémfólia árnyékolás, halogénmentes tűzálló köpenyű, 2 egymástól külön elszigetelt tömör rézeret tartalmazó kábel. Igény esetén egyedi méretre vágjuk vásárláskor.</p>\r\n\r\n  <h3>Alkalmazása:</h3>\r\n  <p>Alkalmazása belső terekben tűzjelző készülékek számára rögzített elhelyezéssel, ahol előírás a 180 perces szigetelőképesség és a 90 perces funkciómegtartás a tűzterhelés kezdetétől.</p>\r\n\r\n  <h3>Termék jellemzők:</h3>\r\n  <p><strong>Keresztmetszet:</strong> 1x2x0,8 mm<sup>2</sup></p>\r\n  <p><strong>Külső átmérő:</strong> ~7 mm</p>\r\n  <p><strong>Szín:</strong> vörös</p>\r\n  <p><strong>Névleges feszültség:</strong> 225V</p>\r\n  <p><strong>Kiszerelés:</strong> 500m/dob</p>\r\n\r\n</section>\r\n', 'HaLáli Kft.', 'tömör ', 6, 509, 'képek/tuzallo_kabel_0,8.webp', NULL, NULL, NULL, 'tuzallo-kabel'),
(14, 'Villanyóra szekrény', 48990, '<section class=\"termek-leiras\">\r\n\r\n  <p><strong>Csatári Plast PVT 3075 Fm-SZ 1/3 fázisú villanyóra szekrény 80A szabadvezetékes</strong></p>\r\n\r\n  <p>Szabadvezetékes csatlakozás, illetve társasházakban egyedülálló mérés (nem csoportos mérőhely) esetén alkalmazandó, 1/3 fázisú mindennapszaki vagy H tarifa mérésre 80A-ig.</p>\r\n\r\n  <h3>Felhasználási helyek száma:</h3>\r\n  <p>1</p>\r\n\r\n  <h3>Beszerelhető mérőórák:</h3>\r\n  <ul>\r\n    <li><strong>Árszabás 1</strong> és max. áramerőssége (Mindennapszaki): M63.80A (Mindennapszaki max.3x63A és 3x80A-es kialakítás)</li>\r\n    <li><strong>Árszabás 3</strong> és max. áramerőssége (H vagy GEO tarifa): H63.80A (H tarifa max.3x63A és 3x80A-es kialakítás)</li>\r\n    <li><strong>Árszabás 5</strong> és max. áramerőssége (Inverter): M63.80A (Mindennapszaki max.3x63A és 3x80A-es kialakítás)</li>\r\n  </ul>\r\n\r\n  <h3>Jellemzők:</h3>\r\n  <ul>\r\n    <li><strong>Beltéri és kültéri használatra</strong> is alkalmas (IP65 védelem)</li>\r\n    <li><strong>Ütésállóság:</strong> IK08</li>\r\n    <li><strong>Csatlakozás módja:</strong> szabadvezetékes - légvezetékes</li>\r\n    <li><strong>Kivitel:</strong> felületre szerelhető</li>\r\n    <li><strong>Fogadott méretlen vezeték keresztmetszete:</strong> 35 mm<sup>2</sup></li>\r\n    <li><strong>Elmenő mért vezeték keresztmetszete:</strong> 25 mm<sup>2</sup></li>\r\n  </ul>\r\n\r\n  <h3>Méretek:</h3>\r\n  <p><strong>Magasság:</strong> 750 mm</p>\r\n  <p><strong>Szélesség:</strong> 300 mm</p>\r\n  <p><strong>Mélység:</strong> 203 mm</p>\r\n\r\n  <h3>Névleges feszültség:</h3>\r\n  <p>3 x 230 V / 400 V</p>\r\n\r\n</section>\r\n', 'Csatári Plast Kft.', 'falon kívűli', 10, 2, 'képek/villanyoraszekreny.webp', NULL, NULL, NULL, 'villanyora-szekreny'),
(17, 'Figyelmeztető Matrica 230V \"20X10MM\"', 419, '<section class=\"termek-leiras\">\r\n\r\n  <p>Figyelmeztető Matrica Öntapadós – \"230V\" 20x10mm (30 db/ív)</p>\r\n\r\n  <p>A bliszter tartalma: 30 db, egyenként 20x10mm méretű matrica \"230V\" felirattal!</p>\r\n\r\n  <p>A feltüntetett ár 1 db blisztert tartalmaz.</p>\r\n\r\n  <p>Az öntapadós matricák rendkívül hasznosak a villanyszerelés területén, amikor pontos és jól látható jelölésekre van szükség. Ezek a matricák a következőképpen használhatók:</p>\r\n\r\n  <ol>\r\n    <li>\r\n      <p><strong>Válassza ki a megfelelő matricát:</strong> Mindig válassza ki azon matricákat, amelyek a kívánt információval rendelkeznek. Például, címkézze fel a konnektorokat a feszültség, áramlás vagy egyéb releváns adatokkal.</p>\r\n    </li>\r\n    <li>\r\n      <p><strong>Alapos tisztítás:</strong> A felragasztás előtt biztosítsa, hogy a felület tiszta és száraz legyen. A por és szennyeződések befolyásolhatják az öntapadós matrica tapadását.</p>\r\n    </li>\r\n    <li>\r\n      <p><strong>Pontos helymeghatározás:</strong> Helyezze a matricát olyan helyre, amely könnyen látható és olvasható. A kapcsolók, konnektorok és egyéb elektromos berendezések közelében alkalmazva segít az azonnali azonosításban.</p>\r\n    </li>\r\n  </ol>\r\n\r\n</section>\r\n', 'HaLáli Kft.', 'Matrica', 4, 54, 'képek/230matricakicsi.webp', NULL, NULL, NULL, 'figyelmezteto-matrica-230v-20x10mm-'),
(18, 'Figyelmeztető Matrica 230V \"100X60MM\"', 100, '<section class=\"termek-leiras\">\r\n\r\n  <p>Figyelmeztető Matrica Öntapadós – \"Vigyázz! 230V!\" 100x60mm (4 db/ív)</p>\r\n\r\n  <p>A bliszter tartalma: 4 db, egyenként 100x60mm méretű matrica \"Vigyázz! 230V!\" felirattal!</p>\r\n\r\n  <p>A feltüntetett ár 1 db blisztert tartalmaz, melyen 4 db matrica található.</p>\r\n\r\n  <p>Az öntapadós matricák rendkívül hasznosak a villanyszerelés területén, amikor pontos és jól látható jelölésekre van szükség. Ezek a matricák a következőképpen használhatók:</p>\r\n\r\n  <ol>\r\n    <li>\r\n      <p><strong>Válassza ki a megfelelő matricát:</strong> Mindig válassza ki azon matricákat, amelyek a kívánt információval rendelkeznek. Például, címkézze fel a konnektorokat a feszültség, áramlás vagy egyéb releváns adatokkal.</p>\r\n    </li>\r\n    <li>\r\n      <p><strong>Alapos tisztítás:</strong> A felragasztás előtt biztosítsa, hogy a felület tiszta és száraz legyen. A por és szennyeződések befolyásolhatják az öntapadós matrica tapadását.</p>\r\n    </li>\r\n    <li>\r\n      <p><strong>Pontos helymeghatározás:</strong> Helyezze a matricát olyan helyre, amely könnyen látható és olvasható. A kapcsolók, konnektorok és egyéb elektromos berendezések közelében alkalmazva segít az azonnali azonosításban.</p>\r\n    </li>\r\n  </ol>\r\n\r\n</section>\r\n', 'HaLáli Kft.', 'Matrica', 4, 91, 'képek/figymatrica2304db.webp', NULL, NULL, NULL, 'figyelmezteto-matrica-230v-100x60mm-'),
(19, 'Figyelmeztető Matrica Földelés \"20X20MM\"', 419, '<section class=\"termek-leiras\">\r\n\r\n  <p>Figyelmeztető Matrica Öntapadós Földjel 20x20mm (20 db/ív)</p>\r\n\r\n  <p>A bliszter tartalma: 20 db, egyenként 20x20mm méretű matrica földjellel!</p>\r\n\r\n  <p>A feltüntetett ár 1 db blisztert tartalmaz, melyen 20 db matrica található.</p>\r\n\r\n  <p>Az öntapadós matricák rendkívül hasznosak a villanyszerelés területén, amikor pontos és jól látható jelölésekre van szükség. Ezek a matricák a következőképpen használhatók:</p>\r\n\r\n  <ol>\r\n    <li>\r\n      <p><strong>Válassza ki a megfelelő matricát:</strong> Mindig válassza ki azon matricákat, amelyek a kívánt információval rendelkeznek. Például, címkézze fel a konnektorokat a feszültség, áramlás vagy egyéb releváns adatokkal.</p>\r\n    </li>\r\n    <li>\r\n      <p><strong>Alapos tisztítás:</strong> A felragasztás előtt biztosítsa, hogy a felület tiszta és száraz legyen. A por és szennyeződések befolyásolhatják az öntapadós matrica tapadását.</p>\r\n    </li>\r\n    <li>\r\n      <p><strong>Pontos helymeghatározás:</strong> Helyezze a matricát olyan helyre, amely könnyen látható és olvasható. A kapcsolók, konnektorok és egyéb elektromos berendezések közelében alkalmazva segít az azonnali azonosításban.</p>\r\n    </li>\r\n  </ol>\r\n\r\n</section>\r\n', 'HaLáli Kft.', 'Matrica', 4, 45, 'képek/foldmatrica.webp', NULL, NULL, NULL, 'figyelmezteto-matrica-foldeles-20x20mm-'),
(20, 'Figyelmeztető Matrica Idegen Feszültség ', 100, '<section class=\"termek-leiras\">\r\n\r\n  <p>Figyelmeztető Matrica Öntapadós – \"Vigyázz! Idegen feszültség!\" (100x60mm)</p>\r\n\r\n  <p>A feltüntetett ár 1 db matricát tartalmaz.</p>\r\n\r\n  <p>Az öntapadós matricák rendkívül hasznosak a villanyszerelés területén, amikor pontos és jól látható jelölésekre van szükség. Ezek a matricák a következőképpen használhatók:</p>\r\n\r\n  <ol>\r\n    <li>\r\n      <p><strong>Válassza ki a megfelelő matricát:</strong> Mindig válassza ki azon matricákat, amelyek a kívánt információval rendelkeznek. Például, címkézze fel a konnektorokat a feszültség, áramlás vagy egyéb releváns adatokkal.</p>\r\n    </li>\r\n    <li>\r\n      <p><strong>Alapos tisztítás:</strong> A felragasztás előtt biztosítsa, hogy a felület tiszta és száraz legyen. A por és szennyeződések befolyásolhatják az öntapadós matrica tapadását.</p>\r\n    </li>\r\n    <li>\r\n      <p><strong>Pontos helymeghatározás:</strong> Helyezze a matricát olyan helyre, amely könnyen látható és olvasható. A kapcsolók, konnektorok és egyéb elektromos berendezések közelében alkalmazva segít az azonnali azonosításban.</p>\r\n    </li>\r\n  </ol>\r\n\r\n</section>', 'HaLáli Kft.', 'Matrica', 4, 23, 'képek/25892-e5c4f-figyelmezteto-matrica-ontapados-vigyazz-idegen-feszultseg-100x60mm_w480.webp', NULL, NULL, NULL, 'figyelmezteto-matrica-idegen-feszultseg-'),
(21, 'Figyelmeztető Matrica Tűzeseti főkapcsoló', 100, '<section class=\"termek-leiras\">\r\n\r\n  <p>Figyelmeztető Matrica Öntapadós – \"Tűzeseti Főkapcsoló\" 160x100mm</p>\r\n\r\n  <p>1 db, 160x100mm méretű matrica \"Tűzeseti Főkapcsoló\" felirattal!</p>\r\n\r\n  <p>A feltüntetett ár 1 db matricát tartalmaz.</p>\r\n\r\n  <p>Az öntapadós matricák rendkívül hasznosak a villanyszerelés területén, amikor pontos és jól látható jelölésekre van szükség. Ezek a matricák a következőképpen használhatók:</p>\r\n\r\n  <ol>\r\n    <li>\r\n      <p><strong>Válassza ki a megfelelő matricát:</strong> Mindig válassza ki azon matricákat, amelyek a kívánt információval rendelkeznek. Például, címkézze fel a konnektorokat a feszültség, áramlás vagy egyéb releváns adatokkal.</p>\r\n    </li>\r\n    <li>\r\n      <p><strong>Alapos tisztítás:</strong> A felragasztás előtt biztosítsa, hogy a felület tiszta és száraz legyen. A por és szennyeződések befolyásolhatják az öntapadós matrica tapadását.</p>\r\n    </li>\r\n    <li>\r\n      <p><strong>Pontos helymeghatározás:</strong> Helyezze a matricát olyan helyre, amely könnyen látható és olvasható. A kapcsolók, konnektorok és egyéb elektromos berendezések közelében alkalmazva segít az azonnali azonosításban.</p>\r\n    </li>\r\n  </ol>\r\n\r\n</section>\r\n', 'HaLáli Kft.', 'Matrica', 4, 67, 'képek/25664-dfae0-figyelmezteto-matrica-ontapados-tuzeseti-fokapcsolo-160x100mm_w480.webp', NULL, NULL, NULL, 'figyelmezteto-matrica-tuzeseti-fokapcsolo'),
(23, 'Figyelmeztető Matrica Világítási Főkapcsoló', 110, '<section class=\"termek-leiras\">\r\n\r\n  <p>Figyelmeztető Matrica Öntapadós – \"Világítási főkapcsoló\" (100x60mm)</p>\r\n\r\n  <p>1 db, 100x60mm méretű matrica \"Világítási főkapcsoló\" felirattal!</p>\r\n\r\n  <p>A feltüntetett ár 1 db matricát tartalmaz.</p>\r\n\r\n  <p>Az öntapadós matricák rendkívül hasznosak a villanyszerelés területén, amikor pontos és jól látható jelölésekre van szükség. Ezek a matricák a következőképpen használhatók:</p>\r\n\r\n  <ol>\r\n    <li>\r\n      <p><strong>Válassza ki a megfelelő matricát:</strong> Mindig válassza ki azon matricákat, amelyek a kívánt információval rendelkeznek. Például, címkézze fel a konnektorokat a feszültség, áramlás vagy egyéb releváns adatokkal.</p>\r\n    </li>\r\n    <li>\r\n      <p><strong>Alapos tisztítás:</strong> A felragasztás előtt biztosítsa, hogy a felület tiszta és száraz legyen. A por és szennyeződések befolyásolhatják az öntapadós matrica tapadását.</p>\r\n    </li>\r\n    <li>\r\n      <p><strong>Pontos helymeghatározás:</strong> Helyezze a matricát olyan helyre, amely könnyen látható és olvasható. A kapcsolók, konnektorok és egyéb elektromos berendezések közelében alkalmazva segít az azonnali azonosításban.</p>\r\n    </li>\r\n  </ol>\r\n\r\n</section>', 'HaLáli Kft.', 'Matrica', 4, 14, 'képek/25670-4bd2a-figyelmezteto-matrica-ontapados-vilagitasi-fokapcsolo-100x60mm_w480.webp', NULL, NULL, NULL, 'figyelmezteto-matrica-vilagitasi-fokapcsolo'),
(24, 'MCU 0,75 kék vezeték', 57, '<section class=\"termek-leiras\">\r\n\r\n  <p>MCU 0,75 vezeték (H05V-U) tömör réz kábel elektromos villanyvezeték kék (200m).</p>\r\n\r\n  <p>MCu 0,75 mm<sup>2</sup> vezeték egyerű műanyag érszigetelésű, köpeny nélküli tömör rézvezeték. A villanyvezeték alkalmazása védőcsőbe vezetve vakolat alatt vagy falon szerelve.</p>\r\n\r\n  <p><strong>Vezeték keresztmetszet:</strong> 0,75 mm<sup>2</sup></p>\r\n  <p><strong>Szín:</strong> kék</p>\r\n  <p><strong>Szigetelés:</strong> 500V</p>\r\n  <p><strong>Kiszerelés:</strong> 200m/tekercs</p>\r\n  <p><strong>Külső átmérő:</strong> ~ 2,1mm</p>\r\n\r\n  <p>Az MCU vezeték kiváló választás lehet a lakásban történő villanyszereléshez. Az MCU vezeték egy eres, merev szerkezetű és szigetelt elektromos vezeték, amely többféle színben elérhető a könnyebb azonosítás érdekében.</p>\r\n\r\n  <h3>Mire jó az MCU vezeték?</h3>\r\n  <p>Az MCU vezeték alkalmas a háztartási villanyszerelési feladatokhoz. Kiválóan használható konnektorok, kapcsolók, világítás és egyéb elektromos berendezések csatlakoztatására. Az MCU vezeték lehetővé teszi az elektromos áram biztonságos és hatékony átvitelét a lakásban.</p>\r\n\r\n</section>\r\n', 'Prysmian Kft.', 'tömör ', 5, 1000, 'képek/0,75tomor_kek_rezvezetek.webp', NULL, NULL, NULL, 'mcu-0,75-kek-vezetek'),
(25, 'MCU 0,75 zöld/sárga vezeték', 57, '<section class=\"termek-leiras\">\r\n\r\n  <p>MCU 0,75 vezeték (H05V-U) tömör réz kábel elektromos villanyvezeték zöld/sárga (200m).</p>\r\n\r\n  <p>MCu 0,75 mm<sup>2</sup> vezeték egyerű műanyag érszigetelésű, köpeny nélküli tömör rézvezeték. A villanyvezeték alkalmazása védőcsőbe vezetve vakolat alatt vagy falon szerelve.</p>\r\n\r\n  <p><strong>Vezeték keresztmetszet:</strong> 0,75 mm<sup>2</sup></p>\r\n  <p><strong>Szín:</strong> zöld/sárga</p>\r\n  <p><strong>Szigetelés:</strong> 500V</p>\r\n  <p><strong>Kiszerelés:</strong> 200m/tekercs</p>\r\n  <p><strong>Külső átmérő:</strong> ~ 2,1mm</p>\r\n\r\n  <p>Az MCU vezeték kiváló választás lehet a lakásban történő villanyszereléshez. Az MCU vezeték egy eres, merev szerkezetű és szigetelt elektromos vezeték, amely többféle színben elérhető a könnyebb azonosítás érdekében.</p>\r\n\r\n  <h3>Mire jó az MCU vezeték?</h3>\r\n  <p>Az MCU vezeték alkalmas a háztartási villanyszerelési feladatokhoz. Kiválóan használható konnektorok, kapcsolók, világítás és egyéb elektromos berendezések csatlakoztatására. Az MCU vezeték lehetővé teszi az elektromos áram biztonságos és hatékony átvitelét a lakásban.</p>\r\n\r\n</section>\r\n', 'Prysmian Kft.', 'tömör ', 5, 1051, 'képek/0,75tomor_zoldsarga_rezvezetek.webp', NULL, NULL, NULL, 'mcu-0,75-zold-sarga-vezetek'),
(26, 'MCU 1,5 fekete vezeték', 82, '<section class=\"termek-leiras\">\r\n\r\n  <p>MCu 1,5 mm<sup>2</sup> réz vezeték egyerű műanyag érszigetelésű köpeny nélküli tömör elektromos kábel.</p>\r\n\r\n  <p>Az MCU 1,5 vezeték (H07V-U) a kiváló minőségű elektromos villanyvezeték, mely 1,5 mm² keresztmetszetével ideális az áramátvitelhez. A fekete színű, egyerű műanyag érszigetelésű, tömör réz kábel rendkívül megbízható és biztonságos. Az MCU vezeték ára versenyképes, és kiváló választás lehet a költségtudatos vásárlók számára, miközben megfelel a magas minőségi elvárásoknak. A 1,5mm réz vezeték alkalmas védőcsőbe vezetve, így ideális választás vakolat alatt vagy falon való szereléshez. A kábel egyszerűsége és tartóssága révén optimális megoldást kínál egyszerű és hatékony elektromos bekötésekhez.</p>\r\n\r\n  <p><strong>Vezeték keresztmetszet:</strong> 1,5 mm<sup>2</sup></p>\r\n  <p><strong>Szín:</strong> fekete</p>\r\n  <p><strong>Szigetelés:</strong> 700V</p>\r\n  <p><strong>Kiszerelés:</strong> 100m/tekercs</p>\r\n\r\n  <p>Az MCU vezeték kiváló választás lehet a lakásban történő villanyszereléshez. Az MCU vezeték egy eres, merev szerkezetű és szigetelt elektromos vezeték, amely többféle színben elérhető a könnyebb azonosítás érdekében.</p>\r\n\r\n  <h3>Mire jó az MCU vezeték?</h3>\r\n  <p>Az MCU vezeték alkalmas a háztartási villanyszerelési feladatokhoz. Kiválóan használható konnektorok, kapcsolók, világítás és egyéb elektromos berendezések csatlakoztatására. Az MCU vezeték lehetővé teszi az elektromos áram biztonságos és hatékony átvitelét a lakásban.</p>\r\n\r\n  <h3>Milyen vezetéket válasszak a lakásba? (Milyen villanyvezeték kell a lakásba?)</h3>\r\n  <p>A lakásban való felhasználásra ajánlott vezetéket a biztonság, az előírások és a funkciók figyelembevételével kell kiválasztani. Ennek kiválasztását érdemes minden esetben szakemberre bízni. Az MCU vezeték ideális választás lehet általános villanyszerelési célokra, konnektorok és kapcsolók vagy lámpák kialakításához. Az MCU vezeték abban az esetben megfelelő választás, ha védőcsőben, gégecsőben vagy más védelmet nyújtó csőrendszerben kerül elvezetésre.</p>\r\n\r\n  <h3>MCU 1,5 \"elektromos kábel\" jellemzői:</h3>\r\n  <p>Az MCU 1x 1,5mm<sup>2</sup> vezeték egy olyan típusú vezeték, amelynek 1,5mm<sup>2</sup> keresztmetszetű rézvezetője van. Az M jelzi a műanyag szigetelést, a Cu pedig a vezető anyagát, ami réz. Ez a vezeték különböző színekben kapható, és a kék szín például a nulla vezetőt, a zöld-sárga csíkos pedig a védőföldet jelöli. A fázisvezetőt általában a legsötétebb színű vezetékkel jelölik, például feketével (L1), míg az L2 általában barna, az L3 pedig szürke.</p>\r\n\r\n  <h3>Keresztmetszet és terhelhetőség:</h3>\r\n  <p>Az MCU vezetékek különböző keresztmetszetekben elérhetők, és a kiválasztott keresztmetszet határozza meg a vezeték terhelhetőségét, figyelembe véve a hosszúságot és a beépítési körülményeket.</p>\r\n\r\n  <p>Ezek az információk segítenek Önnek eligazodni a lakásban történő villanyszerelés során, és biztosítják a biztonságos és megfelelő vezeték kiválasztását.</p>\r\n\r\n</section>\r\n', 'Prysmian Kft.', 'tömör ', 5, 987, 'képek/1,5tomor_fekete_rezvezetek.webp', NULL, NULL, NULL, 'mcu-1,5-fekete-vezetek'),
(27, 'MCU 1,5 kék vezeték', 82, '<section class=\"termek-leiras\">\r\n\r\n  <p>MCu 1,5 mm<sup>2</sup> vezeték egyerű műanyag érszigetelésű, köpeny nélküli tömör rézvezeték. A villanyvezeték alkalmazása védőcsőbe vezetve vakolat alatt vagy falon szerelve.</p>\r\n\r\n  <p><strong>Vezeték keresztmetszet:</strong> 1,5 mm<sup>2</sup></p>\r\n  <p><strong>Szín:</strong> kék</p>\r\n  <p><strong>Szigetelés:</strong> 700V</p>\r\n  <p><strong>Kiszerelés:</strong> 100m/tekercs</p>\r\n\r\n  <p>Az MCU vezeték kiváló választás lehet a lakásban történő villanyszereléshez. Az MCU vezeték egy eres, merev szerkezetű és szigetelt elektromos vezeték, amely többféle színben elérhető a könnyebb azonosítás érdekében.</p>\r\n\r\n  <h3>Mire jó az MCU vezeték?</h3>\r\n  <p>Az MCU vezeték alkalmas a háztartási villanyszerelési feladatokhoz. Kiválóan használható konnektorok, kapcsolók, világítás és egyéb elektromos berendezések csatlakoztatására. Az MCU vezeték lehetővé teszi az elektromos áram biztonságos és hatékony átvitelét a lakásban.</p>\r\n\r\n  <h3>Milyen vezetéket válasszak a lakásba? (Milyen villanyvezeték kell a lakásba?)</h3>\r\n  <p>A lakásban való felhasználásra ajánlott vezetéket a biztonság, az előírások és a funkciók figyelembevételével kell kiválasztani. Ennek kiválasztását érdemes minden esetben szakemberre bízni. Az MCU vezeték ideális választás lehet általános villanyszerelési célokra, konnektorok és kapcsolók vagy lámpák kialakításához. Az MCU vezeték abban az esetben megfelelő választás, ha védőcsőben, gégecsőben vagy más védelmet nyújtó csőrendszerben kerül elvezetésre.</p>\r\n\r\n  <h3>MCU 1,5 \"elektromos kábel\" jellemzői:</h3>\r\n  <p>Az MCU 1x 1,5mm<sup>2</sup> vezeték egy olyan típusú vezeték, amelynek 1,5mm<sup>2</sup> keresztmetszetű rézvezetője van. Az M jelzi a műanyag szigetelést, a Cu pedig a vezető anyagát, ami réz. Ez a vezeték különböző színekben kapható, és a kék szín például a nulla vezetőt, a zöld-sárga csíkos pedig a védőföldet jelöli. A fázisvezetőt általában a legsötétebb színű vezetékkel jelölik, például feketével (L1), míg az L2 általában barna, az L3 pedig szürke.</p>\r\n\r\n  <h3>Keresztmetszet és terhelhetőség:</h3>\r\n  <p>Az MCU vezetékek különböző keresztmetszetekben elérhetők, és a kiválasztott keresztmetszet határozza meg a vezeték terhelhetőségét, figyelembe véve a hosszúságot és a beépítési körülményeket.</p>\r\n\r\n  <p>Ezek az információk segítenek Önnek eligazodni a lakásban történő villanyszerelés során, és biztosítják a biztonságos és megfelelő vezeték kiválasztását.</p>\r\n\r\n</section>\r\n', 'Prysmian Kft.', 'tömör ', 5, 872, 'képek/1,5tomor_kek_rezvezetek.webp', NULL, NULL, NULL, 'mcu-1,5-kek-vezetek'),
(28, 'MCU 1,5 zöld/sárga vezeték', 82, '<section class=\"termek-leiras\">\r\n\r\n  <p>MCu 1,5 mm<sup>2</sup> vezeték egyerű műanyag érszigetelésű, köpeny nélküli tömör rézvezeték. A villanyvezeték alkalmazása védőcsőbe vezetve vakolat alatt vagy falon szerelve.</p>\r\n\r\n  <p><strong>Vezeték keresztmetszet:</strong> 1,5 mm<sup>2</sup></p>\r\n  <p><strong>Szín:</strong> zöld/sárga</p>\r\n  <p><strong>Szigetelés:</strong> 700V</p>\r\n  <p><strong>Kiszerelés:</strong> 100m/tekercs</p>\r\n\r\n  <p>Az MCU vezeték kiváló választás lehet a lakásban történő villanyszereléshez. Az MCU vezeték egy eres, merev szerkezetű és szigetelt elektromos vezeték, amely többféle színben elérhető a könnyebb azonosítás érdekében.</p>\r\n\r\n  <h3>Mire jó az MCU vezeték?</h3>\r\n  <p>Az MCU vezeték alkalmas a háztartási villanyszerelési feladatokhoz. Kiválóan használható konnektorok, kapcsolók, világítás és egyéb elektromos berendezések csatlakoztatására. Az MCU vezeték lehetővé teszi az elektromos áram biztonságos és hatékony átvitelét a lakásban.</p>\r\n\r\n  <h3>Milyen vezetéket válasszak a lakásba? (Milyen villanyvezeték kell a lakásba?)</h3>\r\n  <p>A lakásban való felhasználásra ajánlott vezetéket a biztonság, az előírások és a funkciók figyelembevételével kell kiválasztani. Ennek kiválasztását érdemes minden esetben szakemberre bízni. Az MCU vezeték ideális választás lehet általános villanyszerelési célokra, konnektorok és kapcsolók vagy lámpák kialakításához. Az MCU vezeték abban az esetben megfelelő választás, ha védőcsőben, gégecsőben vagy más védelmet nyújtó csőrendszerben kerül elvezetésre.</p>\r\n\r\n  <h3>MCU 1,5 \"elektromos kábel\" jellemzői:</h3>\r\n  <p>Az MCU 1x 1,5mm<sup>2</sup> vezeték egy olyan típusú vezeték, amelynek 1,5mm<sup>2</sup> keresztmetszetű rézvezetője van. Az M jelzi a műanyag szigetelést, a Cu pedig a vezető anyagát, ami réz. Ez a vezeték különböző színekben kapható, és a kék szín például a nulla vezetőt, a zöld-sárga csíkos pedig a védőföldet jelöli. A fázisvezetőt általában a legsötétebb színű vezetékkel jelölik, például feketével (L1), míg az L2 általában barna, az L3 pedig szürke.</p>\r\n\r\n  <h3>Keresztmetszet és terhelhetőség:</h3>\r\n  <p>Az MCU vezetékek különböző keresztmetszetekben elérhetők, és a kiválasztott keresztmetszet határozza meg a vezeték terhelhetőségét, figyelembe véve a hosszúságot és a beépítési körülményeket.</p>\r\n\r\n  <p>Ezek az információk segítenek Önnek eligazodni a lakásban történő villanyszerelés során, és biztosítják a biztonságos és megfelelő vezeték kiválasztását.</p>\r\n\r\n</section>\r\n', 'Prysmian Kft.', 'tömör ', 5, 560, 'képek/1,5tomor_zoldsarga_rezvezetek.webp', NULL, NULL, NULL, 'mcu-1,5-zold-sarga-vezetek'),
(29, '3 Fázisú Villanyóra Szekrény', 73990, '<section class=\"termek-leiras\">\r\n\r\n  <p><strong>Csatári Plast PVT 3075 Fm-SZ ÁK 12 1/3 fázisú villanyóra szekrény felső 12 mod elmenővel szabadvezetékes</strong></p>\r\n\r\n  <p>Csatári Plast PVT villanyóra szekrény 80A-ig, nappali óra fogadására felső elhelyezésű mért elosztóval. 1db 12 modulos, csapófedeles ablakkal, max. 12db kismegszakító elhelyezéséhez. Tartalmaz magasított kalapsínt, PE és N sorkapcsot.</p>\r\n\r\n  <h3>Felhasználási helyek száma:</h3>\r\n  <p>1</p>\r\n\r\n  <h3>Beszerelhető mérőórák:</h3>\r\n  <ul>\r\n    <li><strong>Árszabás 1</strong> és max. áramerőssége (Mindennapszaki): M63.80A (Mindennapszaki max.3x63A és 3x80A-es kialakítás)</li>\r\n    <li><strong>Árszabás 3</strong> és max. áramerőssége (H vagy GEO tarifa): H63.80A (H tarifa max.3x63A és 3x80A-es kialakítás)</li>\r\n    <li><strong>Árszabás 5</strong> és max. áramerőssége (Inverter): M63.80A (Mindennapszaki max.3x63A és 3x80A-es kialakítás)</li>\r\n  </ul>\r\n\r\n  <h3>Jellemzők:</h3>\r\n  <ul>\r\n    <li><strong>Beltéri és kültéri használatra</strong> is alkalmas (IP65 védelem)</li>\r\n    <li><strong>Ütésállóság:</strong> IK08</li>\r\n    <li><strong>Csatlakozás módja:</strong> szabadvezetékes - légvezetékes</li>\r\n    <li><strong>Kivitel:</strong> felületre szerelhető</li>\r\n    <li><strong>Fogadott méretlen vezeték keresztmetszete:</strong> 35 mm<sup>2</sup></li>\r\n    <li><strong>Elmenő mért vezeték keresztmetszete:</strong> 25 mm<sup>2</sup></li>\r\n    <li><strong>Környezeti hőmérséklet:</strong> Max. +40°C, 24 órás átlag max. +120°C / min. -40°C</li>\r\n    <li><strong>Kizárólag UV stabilizált műanyagokból készült.</li>\r\n  </ul>\r\n\r\n  <h3>Méretek:</h3>\r\n  <p><strong>Magasság:</strong> 900 mm</p>\r\n  <p><strong>Szélesség:</strong> 300 mm</p>\r\n  <p><strong>Mélység:</strong> 203 mm</p>\r\n\r\n  <h3>Névleges feszültség:</h3>\r\n  <p>3 x 230 V / 400 V</p>\r\n\r\n  <h3>Tartozék:</h3>\r\n  <p><strong>H07V-K 1x10mm<sup>2</sup> vezetékcsomag</strong> 32A-ig történő szerelésre alkalmas!</p>\r\n\r\n</section>\r\n', 'Csatári Plast Kft.', 'szerelvény', 10, 11, 'képek/17545-55d1b-csatari-plast-pvt-3075-fm-sz-ak-12-13-fazisu-villanyora-szekreny-fel_w480.webp', NULL, NULL, NULL, '3-fazisu-villanyora-szekreny'),
(31, '1/3 Fázisú Kombinált Villanyóra Szekrény', 210520, '<section class=\"termek-leiras\">\r\n\r\n  <p><strong>Hensel 1/3 fázisú kombinált villanyóra szekrény (n.+é) 80A szabadvezetékes 2x12 mod kism. HB33K024-U</strong></p>\r\n\r\n  <p><strong>Készletinformáció:</strong> Kérjük, rendelés előtt vegye fel a kapcsolatot ügyfélszolgálatunkkal készletellenőrzés céljából! A \"Készleten\" jelzés ellenére előfordulhat, hogy a már megrendelt, de még fel nem dolgozott igények miatt nem tudjuk szállítani a szekrényt. Ebben az esetben visszajelzést küldünk rendelés után. Előrendelést nem veszünk fel, így a készlet erején túl érkezett rendelések törlésre kerülnek.</p>\r\n\r\n  <h3>Fogyasztói főelosztóval:</h3>\r\n  <p>2db Mi 1112-U</p>\r\n\r\n  <h3>Árszabás és áramerősségek:</h3>\r\n  <ul>\r\n    <li><strong>Árszabás 1</strong> és max. áramerőssége (Mindennapszaki): M63.80A (Mindennapszaki 3 x 80A-ig)</li>\r\n    <li><strong>Árszabás 2</strong> és max. áramerőssége (Vezérelt): V32A (Vezérelt 3 x 32A-ig)</li>\r\n    <li><strong>Árszabás 3</strong> és max. áramerőssége (H vagy Geo tarifa): H63A (H tarifa 3 x 63A-ig)</li>\r\n    <li><strong>Árszabás 4</strong> és max. áramerőssége (Autótöltő): M63.80A (Mindennapszaki 3 x 80A-ig)</li>\r\n    <li><strong>Árszabás 5</strong> és max. áramerőssége (Inverter): M63.80A (Mindennapszaki 3 x 80A-ig)</li>\r\n  </ul>\r\n\r\n  <h3>Jellemzők:</h3>\r\n  <ul>\r\n    <li><strong>Beltéri vagy kültéri telepítésre</strong></li>\r\n    <li><strong>Szabadvezetékes (légkábeles) kivitel</strong></li>\r\n    <li><strong>Felületre szerelhető</strong></li>\r\n    <li><strong>Fogadott méretlen vezeték keresztmetszete:</strong> Max. 35 mm<sup>2</sup></li>\r\n    <li><strong>Elmenő mért vezeték keresztmetszete:</strong> Max. 25 mm<sup>2</sup></li>\r\n    <li><strong>Névleges feszültség:</strong> 3 x 230 V / 400 V</li>\r\n    <li><strong>UV állóság:</strong> UV-álló</li>\r\n    <li><strong>IP védettség:</strong> IP 65</li>\r\n    <li><strong>Ütésállóság:</strong> IK 08</li>\r\n  </ul>\r\n\r\n  <h3>Méretek:</h3>\r\n  <p><strong>Magasság:</strong> 900 mm</p>\r\n  <p><strong>Szélesség:</strong> 600 mm</p>\r\n  <p><strong>Mélység:</strong> 270 mm</p>\r\n\r\n</section>\r\n', 'Hensel Kft.', 'szerelvény', 10, 1, 'képek/17546-47690-hensel-13-fazisu-kombinalt-villanyora-szekreny-ne-80a-szabadvezeteke_w480.webp', NULL, NULL, NULL, '1-3-fazisu-kombinalt-villanyora-szekreny'),
(32, '1/3 Fázisú Kombinált Villanyóra Szekrény Csatári', 502210, '<section class=\"termek-leiras\">\r\n\r\n  <p><strong>Csatári Plast PVT Á-V Fm-CSF50 1/3 fázisú kombinált villanyóra szekrény 80A főelosztóval</strong></p>\r\n\r\n  <p><strong>Felhasználás:</strong> Egy felhasználási helyes M63.80A és V32A mérés, felületre szerelt kivitelben, csatlakozó főelosztóval. Földkábeles és szabadvezetékes csatlakozás is elérhető.</p>\r\n\r\n  <h3>Árszabás és áramerősségek:</h3>\r\n  <ul>\r\n    <li><strong>Árszabás 1:</strong> M63.80A (Mindennapszaki max. 3x63A és 3x80A-es kialakítás)</li>\r\n    <li><strong>Árszabás 2:</strong> V32A (Vezérelt max. 3x32A-es kialakítás)</li>\r\n    <li><strong>Árszabás 3:</strong> H63.80A (H tarifa max. 3x63A és 3x80A-es kialakítás), Hv32A (Vezérelt H tarifa max. 3x32A-es kialakítás)</li>\r\n    <li><strong>Árszabás 5:</strong> M63.80A (Inverter, Mindennapszaki max. 3x63A és 3x80A-es kialakítás)</li>\r\n  </ul>\r\n\r\n  <h3>Műszaki jellemzők:</h3>\r\n  <ul>\r\n    <li><strong>Beltéri és kültéri alkalmazásra is alkalmas</strong></li>\r\n    <li><strong>IP65 védelem</strong></li>\r\n    <li><strong>IK08 ütésállóság</strong></li>\r\n    <li><strong>Névleges feszültség:</strong> 3x230V/400V</li>\r\n    <li><strong>Névleges frekvencia:</strong> 50 Hz</li>\r\n    <li><strong>Névleges rövid idejű határáram (Icw, Ipk, Icc):</strong> 30 kA</li>\r\n    <li><strong>Lökőfeszültség állóság:</strong> 6 kV</li>\r\n    <li><strong>Környezeti hőmérséklet:</strong> Max. +40°C, 24 órás átlag max. +120°C / min. -40°C</li>\r\n    <li><strong>Fogadott méretlen vezeték keresztmetszete:</strong> 50 mm<sup>2</sup></li>\r\n    <li><strong>Elmenő mért vezeték keresztmetszete:</strong> 25 mm<sup>2</sup></li>\r\n  </ul>\r\n\r\n  <h3>Méretek:</h3>\r\n  <p><strong>Magasság:</strong> 1050 mm</p>\r\n  <p><strong>Szélesség:</strong> 750 mm</p>\r\n  <p><strong>Mélység:</strong> 203 mm</p>\r\n\r\n  <h3>Tartozékok:</h3>\r\n  <ul>\r\n    <li>Szakaszolható biztosító kapcsoló (NH00 apator)</li>\r\n    <li>HLAK 35 sorkapcsok</li>\r\n    <li>Tűzeseti kapcsoló</li>\r\n    <li>32A-ig komplett vezetékcsomag (fölötte vezetékcserét igényel)</li>\r\n  </ul>\r\n\r\n</section>\r\n', 'Csatári Plast Kft.', 'szerelvény', 10, 4, 'képek/25947-bb111-csatari-plast-pvt-a-v-fm-csf50-13-fazisu-kombinalt-villanyora-szekre_w480.webp', 450000, '2025-04-10 20:29:00', '2025-06-13 20:29:00', '1-3-fazisu-kombinalt-villanyora-szekreny-csatari'),
(33, 'Üres Villanyóra Szekrény Lábazattal', 140550, '<section class=\"termek-leiras\">\r\n\r\n  <p><strong>Csatári Plast PVT K-L 80x88/32 üres villanyóra szekrény lábazattal</strong></p>\r\n\r\n  <p><strong>Fontos információ:</strong> TÚLMÉRETES TERMÉK! CSAK RAKLAPON SZÁLLÍTHATÓ!</p>\r\n\r\n  <h3>Külső méretek:</h3>\r\n  <ul>\r\n    <li><strong>Szélesség:</strong> 800 mm</li>\r\n    <li><strong>Mélység:</strong> 320 mm</li>\r\n    <li><strong>Magasság:</strong> 1750 mm</li>\r\n  </ul>\r\n\r\n</section>\r\n', 'Csatári Plast Kft.', 'szerelvény', 10, 30, 'képek/17451-d6357-csatari-plast-pvt-k-l-80x8832-ures-villanyora-szekreny-labazattal_w480.webp', NULL, NULL, NULL, 'ures-villanyora-szekreny-labazattal'),
(34, 'Tokozott Kapcsoló 0-1', 9900, '<section class=\"termek-leiras\">\r\n\r\n  <p><strong>GANZ KKM-0-20-6002 tokozott kapcsoló 3P 20A IP65 0-1 állású BE-KI kapcsoló</strong></p>\r\n\r\n  <p>A Ganz KKM-0-20-6002 3 pólusú tokozott ipari ki-be kapcsoló, amely 0-1 állású működést kínál. A kapcsolóba összesen 4db PG16 tömszelence helyezhető el (2db a kapcsoló alján, 2 db a kapcsoló tetején) kábelbevezetés céljából.</p>\r\n\r\n  <h3>Jellemzők:</h3>\r\n  <ul>\r\n    <li><strong>Pólusok száma:</strong> 3</li>\r\n    <li><strong>Névleges terhelhetőség:</strong> 20A</li>\r\n    <li><strong>Névleges feszültség:</strong> 400V</li>\r\n    <li><strong>Védettség:</strong> IP65</li>\r\n    <li><strong>Magasság:</strong> 88 mm (tömszelence nélkül)</li>\r\n    <li><strong>Szélesség:</strong> 88 mm</li>\r\n    <li><strong>Mélység:</strong> 100 mm (kapcsoló karral együtt)</li>\r\n  </ul>\r\n\r\n</section>\r\n', 'Ganz KK Kft.', 'Kapcsolók', 16, 25, 'képek/26553-81ae2-ganz-kkm-0-20-6002-tokozott-kapcsolo-3p-20a-ip65-0-1-allasu-be-ki-ka_w480.webp', NULL, NULL, NULL, 'tokozott-kapcsolo-0-1'),
(35, 'Tokozott Kapcsoló 1-0-2', 23788, '<section class=\"termek-leiras\">\r\n\r\n  <p><strong>GANZ KKM-1-32-6006 tokozott kapcsoló 3P 32A IP65 1-0-2 állású átkapcsoló</strong></p>\r\n\r\n  <p>A Ganz KKM-1-32-6006 egy 3 pólusú tokozott ipari átkapcsoló, amely 1-0-2 állással rendelkezik. Összesen 4 db PM21 tömszelence helyezhető el benne (2 db a kapcsoló alján, 2 db a tetején) a kábelbevezetéshez.</p>\r\n\r\n  <h3>Jellemzők:</h3>\r\n  <ul>\r\n    <li><strong>Pólusok száma:</strong> 3</li>\r\n    <li><strong>Névleges terhelhetőség:</strong> 32A</li>\r\n    <li><strong>Névleges feszültség:</strong> 400V</li>\r\n    <li><strong>Védettség:</strong> IP65</li>\r\n    <li><strong>Magasság:</strong> 100 mm (tömszelence nélkül)</li>\r\n    <li><strong>Szélesség:</strong> 100 mm</li>\r\n    <li><strong>Mélység:</strong> 140 mm (kapcsoló karral együtt), 112 mm (kar nélkül)</li>\r\n  </ul>\r\n\r\n</section>\r\n', 'Ganz KK Kft.', 'Kapcsolók', 16, 21, 'képek/11396-9f7c6-ganz-kkm-1-32-6006-tokozott-kapcsolo-3p-32a-ip65-1-0-2-allasu-atkapc_w480.webp', NULL, NULL, NULL, 'tokozott-kapcsolo-1-0-2'),
(36, 'Tokozott Kapcsoló 0-Y-D', 29780, '<section class=\"termek-leiras\">\r\n\r\n  <p><strong>GANZ KKM-1-32-6009 tokozott kapcsoló 3P 32A IP65 csillag-delta 0-Y-D állású átkapcsoló</strong></p>\r\n\r\n  <p>A Ganz KKM-1-32-6009 egy 3 pólusú, tokozott ipari csillag-delta átkapcsoló, amely 0-Y-D állással rendelkezik. Összesen 4 db PG21 tömszelence helyezhető el benne (2 db alul, 2 db felül) a kábelek bevezetéséhez.</p>\r\n\r\n  <h3>Jellemzők:</h3>\r\n  <ul>\r\n    <li><strong>Pólusok száma:</strong> 3</li>\r\n    <li><strong>Névleges terhelhetőség:</strong> 32A</li>\r\n    <li><strong>Névleges feszültség:</strong> 400V</li>\r\n    <li><strong>Védettség:</strong> IP65</li>\r\n    <li><strong>Magasság:</strong> 100 mm (tömszelence nélkül)</li>\r\n    <li><strong>Szélesség:</strong> 100 mm</li>\r\n    <li><strong>Mélység:</strong> 140 mm (kapcsoló karral együtt)</li>\r\n  </ul>\r\n\r\n</section>\r\n', 'Ganz KK Kft.', 'Kapcsolók', 16, 14, 'képek/11400-e98f0-ganz-kkm-1-32-6009-tokozott-kapcsolo-3p-32a-ip65-csillag-delta-0-y-d_w480.webp', 25000, '2025-04-13 20:29:00', '2025-06-27 20:29:00', 'tokozott-kapcsolo-0-y-d'),
(37, 'Csatári Plast PVT 3030 Fm-CS', 31780, '<section class=\"termek-leiras\">\r\n\r\n  <p><strong>Csatári Plast Társasházi egyedi és csoportos mérő PVT 3030 Fm-CS 1 fázisú 63A mérő számára</strong></p>\r\n\r\n  <p>Ez a villanyóra szekrény egy kifejezetten társasházi egyfázisú fogyasztásméréshez tervezett, felületre szerelhető fogyasztásmérőhely. A szekrény fő feladata az elektromos fogyasztás mérése és a villamos hálózathoz való biztonságos csatlakozás biztosítása. Kialakításának köszönhetően elsősorban meglévő mérési helyek bővítésére és felújítására alkalmas, ahol egyfázisú, 63 amperig terjedő terhelést kell kezelni.</p>\r\n\r\n  <p><strong>Alkalmazási terület és felhasználás:</strong><br>\r\n  Ez a villanyóra szekrény különösen társasházakban használható, ahol meglévő egyfázisú mérési rendszert kell bővíteni vagy felújítani. Alkalmas mindennapszaki tarifák kezelésére (1x63A-ig), H-tarifás mérésre (1x63A-ig), valamint Inverter mérésre (1x63A-ig) és megfelel a szigorú hálózati követelményeknek (2024-es termék). Kültéri és beltéri használatra egyaránt alkalmas, a szerelése felületre történik.</p>\r\n\r\n  <p><strong>Műszaki adatok:</strong></p>\r\n  <ul>\r\n    <li>Maximális áramerősség: 1x63A</li>\r\n    <li>Méret: 300 mm x 300 mm x 205 mm</li>\r\n    <li>Csatlakozás módja: Leágazó fővezeték</li>\r\n    <li>Fogadott méretlen vezeték keresztmetszete: 16 mm2</li>\r\n    <li>Elmenő mért vezeték keresztmetszete: 16 mm2</li>\r\n    <li>Névleges feszültség: 1x230V</li>\r\n    <li>Névleges frekvencia: 50 Hz</li>\r\n    <li>Zárlati szilárdság: 30 kA</li>\r\n    <li>Lökőfeszültség állóság: 6 kV</li>\r\n    <li>Környezeti hőmérséklet: Max. +40°C, 24 órás átlag max. +120°C / min. -40°C</li>\r\n    <li>Védettségi szint: IP65, IK08</li>\r\n    <li>Érintésvédelmi osztály: II. osztály</li>\r\n    <li>Védővezető rendszere: TN-C/TN-S</li>\r\n    <li>Felület: Üvegszálas poliészter alj, polikarbonát tető, UV stabilizált</li>\r\n  </ul>\r\n\r\n  <p>A mellékelt vezeték csomag 10mm2-es vezetéket tartalmaz, 10mm és 18mm hosszú érvéghüvelyekkel szerelve, mely 32A-ig használható!<br>\r\n  32A fölötti szereléshez a gyári kábelcsomag cseréje szükséges!</p>\r\n\r\n  <p>A tömszelencét és a csőadaptert a szerelőtálca alatt kell elhelyezni. Nagyobb kábelbevezető használata esetén méretlen vagy mért dobozt kell alkalmazni.</p>\r\n\r\n  <p><strong>Különleges tulajdonságok:</strong><br>\r\n  A szekrény kizárólagos őrizet biztosítására készült, lakatolható fedelekkel és plombálható csavarokkal rendelkezik. A szerkezet anyaga üvegszálas poliészter és polikarbonát, melyek biztosítják a szekrény korrózió- és ütésállóságát. A készülék teljes mértékben megfelel az aktuális szabványoknak, és biztonságos üzemeltetést nyújt a megadott terhelési feltételek mellett. Ez a villanyóra szekrény ideális választás azok számára, akik társasházi környezetben szeretnének megbízható és hosszú távon fenntartható villamos mérési megoldást alkalmazni.</p>\r\n\r\n  <p><strong>Opcionális elemek (tehát külön vásárolható kiegészítők):</strong></p>\r\n  <ul>\r\n    <li>Tömszelence: PG7 - PG29</li>\r\n    <li>Csőadapter: PVT AM</li>\r\n    <li>Vezeték csomag: VCS-119/16: H07V-K 1x16mm2, 32A felett, 63A-ig</li>\r\n    <li>Sodrony: SD-3030-FMCS: Kizárólagos őrizet biztosításához</li>\r\n  </ul>\r\n\r\n  <p><strong>Mért áramköri szekrények:</strong><br>\r\n  PVT 1530 ÁK12-NÁF (Moduláris elemek részére)<br>\r\n  PVT 3030 ÁK 1x12 (2x12) (Moduláris elemek részére)<br>\r\n  PVT 3045 ÁK 1x12 (2x12,3x12) (Moduláris elemek részére)<br>\r\n  PVT 3060 ÁK 1x12 (2x12,3x12,4x12) (Moduláris elemek részére)</p>\r\n\r\n  <p><strong>Mért elmenő szekrény:</strong> PVT 1530 FSK</p>\r\n  <p><strong>Méretlen kötődoboz:</strong> PVT 1530 FO-CS</p>\r\n  <p><strong>Méretlen kötődoboz:</strong> PVT 3030 FO-CS</p>\r\n\r\n</section>\r\n', 'Csatári Plast Kft.', '1 fázisú', 10, 17, 'képek/25616-b2ec0-csatari-plast-tarsashazi-egyedi-es-csoportos-mero-pvt-3030-fm-cs-1-f_w480.webp', NULL, NULL, NULL, 'csatari-plast-pvt-3030-fm-cs'),
(38, 'Csatári Plast PVT 3045 Á-H Fm-CS', 59450, '<section class=\"termek-leiras\">\r\n\r\n  <p><strong>Csatári Plast Társasházi egyedi és csoportos mérő PVT 3045 Á-H Fm-CS 1 fázisú kombinált szekrény</strong></p>\r\n\r\n  <p>A PVT 3045 Á-H Fm-CS egy egyfázisú társasházi fogyasztásmérőhely, amely direkt csatlakozású kivitelben, egyfelhasználói helyes megoldásokat kínál a társasházak számára. Az M63A és H63A típusok különböző tarifákhoz alkalmazhatók, beleértve a mindennapszaki és a H tarifás fogyasztásmérést. Ez a mérőhely különösen alkalmas már meglévő társasházak mérési rendszereinek bővítésére vagy felújítására, és megfelel a 18/2017. (XII. 21.) MEKH rendelet előírásainak.</p>\r\n\r\n  <p><strong>Kiadás alapja:</strong><br>\r\n  \"MS-09-41-v02 Fogyasztásmérőhely tokozatok-szekrények direkt, azaz közvetlen csatlakozású már meglévő méréssel rendelkező társasházi egyfázisú fogyasztásmérőhelyek bővítési és felújításának eseteire kiírt követelményrendszer alapján\".</p>\r\n\r\n  <p><strong>Alkalmazási terület:</strong><br>\r\n  A PVT 3045 Á-H Fm-CS fogyasztásmérőhely az alábbi hálózatokban használható:</p>\r\n  <ul>\r\n    <li>ELMŰ Hálózati Kft.</li>\r\n    <li>E.ON Dél-dunántúli Áramhálózati Zrt.</li>\r\n    <li>E.ON Észak-dunántúli Áramhálózati Zrt.</li>\r\n    <li>OPUS Titász Zrt.</li>\r\n  </ul>\r\n\r\n  <p><strong>Műszaki adatok:</strong></p>\r\n  <ul>\r\n    <li>Modell: PVT 3045 Á-H Fm-CS</li>\r\n    <li>Maximális áramerősség: 1x63A (mindennapszaki és H tarifa esetén)</li>\r\n    <li>Névleges feszültség: 1x230V</li>\r\n    <li>Névleges frekvencia: 50 Hz</li>\r\n    <li>Védettségi osztály: IP65</li>\r\n    <li>Érintésvédelmi osztály: II.</li>\r\n    <li>Zárlati szilárdság: 30 kA</li>\r\n    <li>Ütésállóság: IK08</li>\r\n    <li>Méret: 450 mm x 300 mm x 205 mm</li>\r\n  </ul>\r\n\r\n  <p><strong>Szerkezeti kialakítás:</strong><br>\r\n  <ul>\r\n    <li>Szekrény anyaga: Üvegszálas poliészter alj és polikarbonát tető, UV stabilizált anyagból</li>\r\n    <li>Elhelyezés: Felületre szerelt kivitel, beltéri és kültéri használatra egyaránt alkalmas</li>\r\n    <li>Plombálási lehetőségek: A szekrény lakatolható csavarokkal van ellátva a biztonságos őrizet érdekében</li>\r\n  </ul>\r\n  </p>\r\n\r\n  <p><strong>Alkalmazhatóság:</strong><br>\r\n  A PVT 3045 Á-H Fm-CS fogyasztásmérőhely különösen hasznos lehet olyan társasházakban, ahol a meglévő építészeti sajátosságok korlátozzák az új mérőhelyek kialakítását. Továbbá, hosszú távú egyfázisú igény esetén ez a mérőhely megbízható és költséghatékony megoldást nyújt. Az új csoportos mérőhelyek kialakítása során más rendszerengedéllyel rendelkező műszaki alternatívák alkalmazása javasolt.</p>\r\n\r\n  <p><strong>Megfelelőségi nyilatkozat:</strong><br>\r\n  A termék megfelel az MSZ 447:2019 szabvány követelményeinek, és alkalmas az engedélyesi funkcionális szempontok kielégítésére. A gyártó, a Csatári-Jáger Konzorcium, teljes felelősséget vállal a termék műszaki megfelelőségéért a 23/2016. (VII. 7.) NGM rendelet alapján.</p>\r\n\r\n  <p><strong>Szállítás és csomagolás:</strong><br>\r\n  A termék részletes anyaglistával és szerelési útmutatóval kerül szállításra. A csomagolás tartalmazza a szükséges rögzítőelemeket és plombálható csavarokat, amelyek biztosítják a megfelelő szerelést és a hosszú távú biztonságos használatot.</p>\r\n\r\n  <p>A gyári vezetékcsomag 10mm2-es vezetékcsomaggal szerelve, mely 32A-ig alkalmazható! E fölötti teljesítmény esetén a gyári kábelcsomag cseréje szükséges!</p>\r\n\r\n  <p><strong>Opcionális elemek (tehát külön megvásárolható elemek):</strong></p>\r\n  <ul>\r\n    <li>Tömszelence: PG7 - PG29 (Igény szerint)</li>\r\n    <li>Csőadapter: PVT AM</li>\r\n    <li>Vezeték csomag: VCS-119/16 (H07V-K 1x16mm2, 32A felett, 63A-ig)</li>\r\n    <li>Sodrony: SD-3045-ÁHFMCS (Kizárólagos őrizet biztosításához)</li>\r\n  </ul>\r\n\r\n  <p><strong>Mért áramköri szekrények:</strong><br>\r\n  PVT 1530 ÁK12-NÁF (Moduláris elemek részére)<br>\r\n  PVT 3030 ÁK 1x12 (2x12) (Moduláris elemek részére)<br>\r\n  PVT 3045 ÁK 1x12 (2x12,3x12) (Moduláris elemek részére)<br>\r\n  PVT 3060 ÁK 1x12 (2x12,3x12,4x12) (Moduláris elemek részére)</p>\r\n\r\n  <p><strong>Mért elmenő szekrény:</strong> PVT 1530 FSK</p>\r\n  <p><strong>Méretlen kötődobozok:</strong><br>\r\n  PVT 1530 FO-CS<br>\r\n  PVT 3030 FO-CS<br>\r\n  PVT 3045 FO-CS</p>\r\n\r\n</section>\r\n', 'Csatári Plast Kft.', '1 fázisú', 10, 21, 'képek/25621-dc517-csatari-plast-tarsashazi-egyedi-es-csoportos-mero-pvt-3045-a-h-fm-cs_w480.webp', NULL, NULL, NULL, 'csatari-plast-pvt-3045-a-h-fm-cs');
INSERT INTO `termek` (`id`, `nev`, `egysegar`, `leiras`, `gyarto`, `tipus`, `kategoria_id`, `elerheto_darab`, `kep`, `akcios_ar`, `akcio_kezdete`, `akcio_vege`, `urlnev`) VALUES
(39, 'Csatári Plast PVT 3060 Á-V Fm-CS', 69445, '<section class=\"termek-leiras\">\r\n\r\n  <p><strong>Csatári Plast Társasházi egyedi és csoportos mérő PVT 3060 Á-V Fm-CS 1 fázisú kombinált villanyóra szekrény fekvő</strong></p>\r\n\r\n  <p><strong>Direkt TCS3 – Egyfázisú egytarifás és egyfázisú többtarifás társasházi fogyasztásmérő helyek</strong></p>\r\n\r\n  <p><strong>Típus:</strong> PVT 3060 Á-V Fm-CS (Pannon Villamos Tokozat)<br>\r\n  <strong>Rendszerengedély azonosító:</strong> CSP24.TE121(PVT 3060 Á-V Fm-CS)-Sz-M63A-V32A<br>\r\n  <strong>Érvényesség:</strong> 2024.05.31-től visszavonásig<br>\r\n  <strong>Kiadás alapja:</strong> \"MS-09-41-v02 Fogyasztásmérőhely tokozatok-szekrények direkt, azaz közvetlen csatlakozású már meglévő méréssel rendelkező társasházi egyfázisú fogyasztásmérőhelyek bővítési és felújításának eseteire kiírt követelményrendszer alapján\"</p>\r\n\r\n  <p><strong>Alkalmazhatóság:</strong><br>\r\n  A termék alkalmas már meglévő egy felhasználási helyes, társasházi egyfázisú M63A mindennapszaki, H63A H tarifás vagy V32A vezérelt mérés bővítésére és felújítására, felületre szerelt kivitelben, fektett formában. Ideális választás olyan társasházak esetében, ahol az építészeti adottságok hosszú távú egyfázisú felhasználói igényt indokolnak.</p>\r\n\r\n  <p><strong>Műszaki adatok:</strong></p>\r\n  <ul>\r\n    <li>Névleges áramerősség:\r\n      <ul>\r\n        <li>Mindennapszaki: M63A (max. 1x63A)</li>\r\n        <li>Vezérelt: V32A (max. 1x32A)</li>\r\n        <li>H-tarifa: H63A (max. 1x63A)</li>\r\n      </ul>\r\n    </li>\r\n    <li>Feszültség: 1x230V</li>\r\n    <li>Védelmi osztály: II. osztály</li>\r\n    <li>Zárlati szilárdság: 30 kA</li>\r\n    <li>UV állóság: Kizárólag UV stabilizált műanyagokból készült</li>\r\n    <li>IP védettség: IP65</li>\r\n    <li>Ütésállóság: IK08</li>\r\n    <li>Környezetállóság: Max. +40°C, relatív páratartalom max. 100% / +40°C</li>\r\n    <li>Alkalmazás: beltéren és kültéren</li>\r\n    <li>Csatlakozás módja: Leágazó fővezeték</li>\r\n    <li>Felületre szerelhető</li>\r\n    <li>Védővezető rendszere méretlen, mért: TN-C/TN-S</li>\r\n    <li>Fogadott méretlen vezeték keresztmetszete: 16 mm2</li>\r\n    <li>Elmenő mért vezeték keresztmetszete: 16 mm2</li>\r\n    <li>Méretek: 300 mm (mag.) x 600 mm (szél.) x 205 mm (mély.)</li>\r\n  </ul>\r\n\r\n  <p>A mérőhely 10mm² keresztmetszetű vezetékkel, 10mm és 18mm hosszú érvéghüvelyezéssel kerül kialakításra, ami 32A-ig alkalmazható.<br>\r\n  32A fölötti teljesítmény esetén vezeték csomag csere szükséges!<br>\r\n  A tömszelencét és a csőadaptert a szerelőtálca alatt kell elhelyezni. Nagyobb kábelbevezető használata esetén méretlen vagy mért dobozt kell alkalmazni.</p>\r\n\r\n  <p><strong>Felhasználási javaslatok:</strong><br>\r\n  A termék ideális választás társasházi karbantartási, javítási munkákhoz, valamint felújítási projektekhez, ahol hosszú távú egyfázisú igények fennállása várható. Új csoportos mérőhelyek kialakítására azonban nem alkalmazható; ilyen esetekben más rendszerengedéllyel rendelkező alternatívákat szükséges betervezni. Ez a termék biztonságos és megbízható megoldást kínál a társasházi fogyasztásmérés modernizálására, megfelelve a legújabb szabványoknak és előírásoknak.</p>\r\n\r\n  <p><strong>Megfelelőségi nyilatkozat:</strong><br>\r\n  A rendszerengedélyes termék megfelel a 18/2017. (XII. 21.) MEKH rendelet és az MSZ 447:2019 szabvány követelményeinek.</p>\r\n\r\n  <p><strong>Opcionális kiegészítők (nem tartozékok):</strong></p>\r\n  <ul>\r\n    <li>Tömszelence: PG7 - PG29 (Igény szerint)</li>\r\n    <li>Tömszelence: BOPLA MBF 20-RJ45 (Vezérlő készülék antenna vezeték átvezetéséhez)</li>\r\n    <li>Csőadapter: PVT AM</li>\r\n    <li>Vezeték csomag: VCS-121/16 (H07V-K 1x16mm², 32A felett, 63A-ig)</li>\r\n    <li>Sodrony: SD-3060-ÁVFMCS (Kizárólagos őrizet biztosításához)</li>\r\n  </ul>\r\n\r\n  <p><strong>Mért áramköri szekrények:</strong><br>\r\n  PVT 1530 ÁK12-NÁF (Moduláris elemek részére)<br>\r\n  PVT 3030 ÁK 1x12 (2x12) (Moduláris elemek részére)<br>\r\n  PVT 3045 ÁK 1x12 (2x12,3x12) (Moduláris elemek részére)<br>\r\n  PVT 3060 ÁK 1x12 (2x12,3x12,4x12) (Moduláris elemek részére)</p>\r\n\r\n  <p><strong>Mért elmenő szekrény:</strong> PVT 1530 FSK</p>\r\n\r\n  <p><strong>Méretlen kötődobozok:</strong><br>\r\n  PVT 1530 FO-CS<br>\r\n  PVT 3030 FO-CS<br>\r\n  PVT 3045 FO-CS<br>\r\n  PVT 3060 FO-CS</p>\r\n\r\n</section>\r\n', 'Csatári Plast Kft.', '1 fázisú', 10, 25, 'képek/25627-507c9-csatari-plast-tarsashazi-egyedi-es-csoportos-mero-pvt-3060-a-v-fm-cs_w480.webp', NULL, NULL, NULL, 'csatari-plast-pvt-3060-a-v-fm-cs'),
(40, 'Csatári Plast PVT 3060 Á-V Á Fm-CS', 69445, '<h5>Csatári Plast Társasházi egyedi és csoportos mérő – PVT 3060 Á-V Á Fm-CS (1 fázisú kombinált szekrény – Álló)</h5>\r\n\r\n<h3>Terméktípus és rendszerengedély</h3>\r\n<ul>\r\n  <li><strong>Típus:</strong> PVT 3060 Á-V Á Fm-CS (Pannon Villamos Tokozat)</li>\r\n  <li><strong>Rendszerengedély azonosító:</strong> CSP24.TE122(PVT 3060 Á-V Á Fm-CS)-Sz-M63A-V32A</li>\r\n  <li><strong>Érvényesség:</strong> 2024.05.31-től visszavonásig</li>\r\n  <li><strong>Kiadás alapja:</strong> MS-09-41-v02 előírás szerint</li>\r\n</ul>\r\n\r\n<h3>Alkalmazhatóság</h3>\r\n<p>\r\n  Alkalmas meglévő, egy felhasználási helyes társasházi egyfázisú M63A mindennapszaki, H63A H-tarifás vagy V32A vezérelt mérés bővítésére, felújítására.\r\n  Álló kialakítás, felületre szerelhető. Jövőbeni háromfázisú igény esetén új rendszerengedélyes szekrény betervezése szükséges.\r\n</p>\r\n\r\n<h3>Műszaki adatok</h3>\r\n<ul>\r\n  <li><strong>Névleges áramerősség:</strong>\r\n    <ul>\r\n      <li>Mindennapszaki: M63A (max. 1x63A)</li>\r\n      <li>Vezérelt: V32A (max. 1x32A)</li>\r\n      <li>H-tarifa: H63A (max. 1x63A)</li>\r\n    </ul>\r\n  </li>\r\n  <li><strong>Feszültség:</strong> 1x230V</li>\r\n  <li><strong>Védelmi osztály:</strong> II. osztály</li>\r\n  <li><strong>Zárlati szilárdság:</strong> 30 kA</li>\r\n  <li><strong>UV állóság:</strong> Kizárólag UV-stabilizált műanyagból</li>\r\n  <li><strong>IP védettség:</strong> IP65</li>\r\n  <li><strong>Ütésállóság:</strong> IK08</li>\r\n  <li><strong>Környezeti állóság:</strong> max. +40°C / relatív páratartalom max. 100%</li>\r\n  <li><strong>Telepítés:</strong> Beltéren és kültéren, leágazó fővezetékről</li>\r\n  <li><strong>Védővezető rendszer:</strong> TN-C / TN-S</li>\r\n  <li><strong>Fogadott méretlen vezeték keresztmetszet:</strong> 16 mm²</li>\r\n  <li><strong>Elmenő mért vezeték keresztmetszet:</strong> 16 mm²</li>\r\n  <li><strong>Méretek:</strong> 300 mm (ma) × 600 mm (szé) × 205 mm (mé)</li>\r\n</ul>\r\n\r\n<h3>Szerelési javaslat</h3>\r\n<ul>\r\n  <li>10 mm² keresztmetszetű vezeték (32A-ig) – 10 mm vagy 18 mm hosszú érvéghüvellyel</li>\r\n  <li>32A felett vezetékcsomag csere szükséges</li>\r\n  <li>Tömszelence és csőadapter elhelyezése a szerelőtálca alatt</li>\r\n</ul>\r\n\r\n<h3>Opcionálisan elérhető kiegészítők (nem tartozékok)</h3>\r\n<ul>\r\n  <li>Tömszelencék: PG7 – PG29</li>\r\n  <li>BOPLA MBF 20-RJ45 vagy ezzel egyenértékű antenna átvezető</li>\r\n  <li>Csőadapter: PVT AM</li>\r\n  <li>Vezetékcsomag: VCS-121/16 (H07V-K 1x16mm², 32A felett)</li>\r\n  <li>Sodrony: SD-3060-ÁVFMCS (őrzés biztosítására)</li>\r\n  <li>Mért áramköri szekrények:\r\n    <ul>\r\n      <li>PVT 1530 ÁK12-NÁF</li>\r\n      <li>PVT 3030 ÁK 1x12 (2x12)</li>\r\n      <li>PVT 3045 ÁK 1x12 (2x12, 3x12)</li>\r\n      <li>PVT 3060 ÁK 1x12 (2x12, 3x12, 4x12)</li>\r\n    </ul>\r\n  </li>\r\n  <li>Mért elmenő szekrény: PVT 1530 FSK</li>\r\n  <li>Méretlen kötődobozok:\r\n    <ul>\r\n      <li>PVT 1530 FO-CS</li>\r\n      <li>PVT 3030 FO-CS</li>\r\n      <li>PVT 3045 FO-CS</li>\r\n      <li>PVT 3060 FO-CS</li>\r\n    </ul>\r\n  </li>\r\n</ul>\r\n\r\n<h3>Felhasználási javaslatok</h3>\r\n<p>\r\n  Társasházi karbantartásra, javításra és felújításra ideális, hosszú távú egyfázisú felhasználás esetén. Új csoportos mérőhely kialakítására <strong>nem</strong> használható. Megfelel a 18/2017. (XII. 21.) MEKH rendeletnek és az MSZ 447:2019 szabványnak.\r\n</p>\r\n', 'Csatári Plast Kft.', '1 fázisú', 10, 13, 'képek/25633-c94bb-csatari-plast-tarsashazi-egyedi-es-csoportos-mero-pvt-3060-a-v-a-fm-_w480.webp', NULL, NULL, NULL, 'csatari-plast-pvt-3060-a-v-a-fm-cs'),
(41, 'LED Panel Mennyezeti Okos 12W', 8120, '<p>A NEDES LPL233W LED panel modern és hatékony világítást biztosít minden belső tér számára. Ez a jövőbemutató világítási megoldás könnyedén beépíthető álmennyezetbe, és bármilyen hagyományos LED panel helyett egyszerűen cserélhető.</p>\r\n\r\n<p>A LED panel sima fali kapcsolóval is működtethető, míg az extra funkciókat, mint a fényerőszabályzás és a színhőmérséklet-váltás, wifin keresztül okostelefonnal irányíthatjuk. A fényerő szabályozhatósága ideális lehet akár egy meghitt családi vacsorához, akár koncentrált munkavégzéshez.</p>\r\n\r\n<p>A legmodernebb dizájn és a technológiai innovációk biztosítják a biztonságos és problémamentes telepítést, valamint az alacsony energiafogyasztást.</p>\r\n\r\n<ul>\r\n  <li>Wifi: 2,4GHz (TUYA/SmartLife App - Amazon Alexa / Google Home)</li>\r\n  <li>Bluetooth: BLE</li>\r\n  <li>Fényerőszabályzás</li>\r\n  <li>Éjszakai üzemmód</li>\r\n  <li>Változtatható színhőmérséklet: 3000K – 6500K</li>\r\n  <li>Memória funkció: megőrzi az utolsó beállítást falikapcsolóval történő kikapcsolás után is</li>\r\n  <li>Biztonságos csomagolás</li>\r\n  <li>LED nem cserélhető</li>\r\n  <li>Teljesítmény: 12W</li>\r\n  <li>Fényáram: 1200 Lumen</li>\r\n  <li>Méret: 170 x 170 x 19 mm</li>\r\n  <li>Rögzítő nyílás: 155 x 155 mm</li>\r\n  <li>Fény színe: 3000K-6500K (állítható)</li>\r\n  <li>Sugárzási szög: 120°</li>\r\n  <li>Feszültség: AC180-265V</li>\r\n  <li>Élettartam: 30 000 óra</li>\r\n  <li>Kapcsolási ciklusok száma: 30 000x</li>\r\n  <li>Nettó tömeg: 278 g</li>\r\n  <li>Védelem: IP20 – csak beltéri használatra</li>\r\n  <li>Anyag: alumínium, fehér</li>\r\n  <li>Búra típusa: opál</li>\r\n  <li>Dimmelhető: igen (alkalmazáson keresztül, dimmelős kapcsolóval nem kompatibilis)</li>\r\n</ul>\r\n', 'Nedes Kft.', 'Okos', 14, 34, 'képek/25557-11741-led-panel-mennyezeti-okos-beepitheto-12w-dimmelheto-3-6500k-negyzet-_w480.webp', NULL, NULL, NULL, 'led-panel-mennyezeti-okos-12w'),
(42, 'LED Panel Mennyezeti Okos 12W Kerek', 8150, '<p>A NEDES LPL133W LED panel egy modern, jövőbemutató világítási megoldás, amely tökéletes választás bármilyen belső tér számára. Könnyedén beépíthető álmennyezetbe, és egyszerűen cserélhető bármilyen hagyományos LED panel helyett.</p>\r\n\r\n<p>A panel sima fali kapcsolóval is működtethető, de az extra funkciók, mint a fényerőszabályzás és a színhőmérséklet-váltás, okostelefonról, wifin keresztül vezérelhetők. A fényerő és színhőmérséklet szabályozhatósága lehetővé teszi, hogy a világítás tökéletesen illeszkedjen az adott környezethez: legyen szó egy meghitt családi összejövetelről vagy hatékony munkavégzésről.</p>\r\n\r\n<p>A termék biztonságos és problémamentes telepítést biztosít, köszönhetően a legmodernebb dizájnnak és technológiának.</p>\r\n\r\n<ul>\r\n  <li>Wifi: 2,4GHz (TUYA/SmartLife App - Amazon Alexa / Google Home)</li>\r\n  <li>Bluetooth: BLE</li>\r\n  <li>Fényerőszabályzás</li>\r\n  <li>Éjszakai üzemmód</li>\r\n  <li>Változtatható színhőmérséklet: 3000K – 6500K</li>\r\n  <li>Memória funkció: megőrzi az utolsó beállítást falikapcsolóval történő kikapcsolás után is</li>\r\n  <li>Biztonságos csomagolás</li>\r\n  <li>LED nem cserélhető</li>\r\n  <li>Teljesítmény: 12W</li>\r\n  <li>Fényáram: 1200 Lumen</li>\r\n  <li>Méret: Ø170 x 19 mm</li>\r\n  <li>Rögzítő nyílás: Ø155 mm</li>\r\n  <li>Fény színe: 3000K-6500K (állítható)</li>\r\n  <li>Sugárzási szög: 120°</li>\r\n  <li>Feszültség: AC180-265V</li>\r\n  <li>Élettartam: 30 000 óra</li>\r\n  <li>Kapcsolási ciklusok száma: 30 000x</li>\r\n  <li>Nettó tömeg: 242 g</li>\r\n  <li>Védelem: IP20 – csak beltéri használatra</li>\r\n  <li>Anyag: alumínium, fehér</li>\r\n  <li>Búra típusa: opál</li>\r\n  <li>Dimmelhető: igen (alkalmazással – dimmelős kapcsolóval nem kompatibilis!)</li>\r\n</ul>\r\n', 'Nedes Kft.', 'Okos', 14, 45, 'képek/25552-dfb44-led-panel-mennyezeti-okos-beepitheto-12w-dimmelheto-3-6500k-kerek-tu_w480.webp', NULL, NULL, NULL, 'led-panel-mennyezeti-okos-12w-kerek'),
(43, 'Szerelőajtó műanyag fehér 300x300mm', 2819, '<p>Ezt a szerelőajtót más néven szervizajtóként, revíziós ajtóként vagy kádajtóként is ismerik.</p>\r\n\r\n<p>A nyitható takarófedéllel ellátott ellenőrző ajtó lehetővé teszi a könnyű hozzáférést a mögé szerelt épületgépészeti szerelvényekhez, műszaki elemekhez akár később is, például hibaelhárítás vagy javítás céljából.</p>\r\n\r\n<p>Ez az Elmark szerelőajtó, fehér színű és kiváló minőségű ABS műanyagból készült, eredetileg szellőzőrendszerekhez tervezve. Ugyanakkor tökéletesen alkalmas LED világítások tápegységeinek, vezérlőinek és egyéb szerelvényeinek eltakarására és könnyű hozzáférés biztosítására karbantartáshoz.</p>\r\n\r\n<ul>\r\n  <li>Teljes méret: 300x300 mm</li>\r\n  <li>Beépítési méret: 285x285 mm</li>\r\n  <li>Szín: fehér</li>\r\n</ul>\r\n\r\n<p><strong>AKTUÁLIS KÉSZLET SZERINT RENDELHETŐ!</strong></p>\r\n<p>Amennyiben a rendszer által engedett mennyiségtől többet szeretne rendelni, jelezze a megjegyzés rovatban vagy keresse ügyfélszolgálatunkat.</p>\r\n', 'Elmark Kft.', 'Műanyag', 11, 30, 'képek/23341-6b976-szereloajto-muanyag-feher-300x300mm-revizios-ajto-elmark-285x285mm-b_w480.webp', NULL, NULL, NULL, 'szereloajto-muanyag-feher-300x300mm'),
(44, 'Szerelőajtó műanyag fehér Elmark', 1905, '<p>Ezt a szerelőajtót más néven szervizajtóként, revíziós ajtóként vagy kádajtóként is ismerik.</p>\r\n\r\n<p>A nyitható takarófedéllel ellátott ellenőrző ajtó lehetővé teszi a könnyű hozzáférést a mögé szerelt épületgépészeti szerelvényekhez, műszaki elemekhez akár később is, például hibaelhárítás vagy javítás céljából.</p>\r\n\r\n<p>Ez az Elmark szerelőajtó, fehér színű és kiváló minőségű ABS műanyagból készült, eredetileg szellőzőrendszerekhez tervezve. Ugyanakkor tökéletesen alkalmas LED világítások tápegységeinek, vezérlőinek és egyéb szerelvényeinek eltakarására és könnyű hozzáférés biztosítására karbantartáshoz.</p>\r\n\r\n<ul>\r\n  <li>Teljes méret: 300x300 mm</li>\r\n  <li>Beépítési méret: 185x185 mm</li>\r\n  <li>Szín: fehér</li>\r\n</ul>\r\n\r\n<p><strong>AKTUÁLIS KÉSZLET SZERINT RENDELHETŐ!</strong></p>\r\n<p>Amennyiben a rendszer által engedett mennyiségtől többet szeretne rendelni, jelezze a megjegyzés rovatban vagy keresse ügyfélszolgálatunkat.</p>\r\n', 'Elmark Kft.', 'Műanyag', 11, 13, 'képek/23856-be3e5-szereloajto-muanyag-feher-200x200mm-revizios-ajto-185x185mm-beepites_w480.webp', NULL, NULL, NULL, 'szereloajto-muanyag-feher-elmark'),
(45, 'Szerszámos Táska Tracon', 23650, '<p>Csővázas szerszámos táska, mely használható nyitott és zárt tetővel is.</p>\r\n\r\n<p>Praktikus oldalzsebek és tárolók, tartozék vállpánt.</p>\r\n\r\n<ul>\r\n  <li>Szélesség: 415 mm</li>\r\n  <li>Mélység: 300 mm</li>\r\n  <li>Magasság: 250 mm</li>\r\n</ul>\r\n', 'Tracon Electric Kft.', 'Acélcső vázas', 15, 21, 'képek/25115-5fca5-szerszamos-taska-415x250x300mm-acelcso-vazas-szerszamos-lada-tracon-_w480.webp', NULL, NULL, NULL, 'szerszamos-taska-tracon'),
(46, 'Szerszámos táska / láda', 10850, '<p>Vászon szerszámos táska oldalzsebekkel, fogóval és vállpánttal.</p>\r\n\r\n<ul>\r\n  <li>Szélesség: 440 mm</li>\r\n  <li>Mélység: 240 mm</li>\r\n  <li>Magasság: 240 mm</li>\r\n  <li>Színe: fekete</li>\r\n</ul>\r\n', 'Tracon Electric Kft.', 'Szerszámos', 15, 43, 'képek/25105-483ae-szerszamos-taska-440x240x240mm-vaszon-szerszamos-lada-tracon-bagse1_w480.webp', NULL, NULL, NULL, 'szerszamos-taska-lada'),
(47, 'Schrack szerelt internet patch kábel', 1910, '<p>Schrack szerelt internet patch kábel Cat.5e PVC szürke 5m H5ULG05K0G.</p>\r\n\r\n<p>A készlet erejéig!</p><br><br><br>', 'Schrack Technik Kft.', 'Internet kábel', 6, 125, 'képek/21266-7f2a9-schrack-szerelt-internet-patch-kabel-cat5e-pvc-szurke-5m-h5ulg05k0g_w480.webp', NULL, NULL, NULL, 'schrack-szerelt-internet-patch-kabel'),
(48, 'Hangszóró vezeték 2x1,5 mm2', 160, '<p>A Somogyi KLS 1,5 hangszóró vezeték 2x1,5mm2 keresztmetszetű piros-fekete színnel, 100m-es tekercsben.</p>\r\n\r\n<p>A hangfal vezeték 0,15mm-es elemi szálakból van sodorva, ennek köszönheti hajlékony tulajdonságát, ami lehetővé teszi sokoldalú felhasználását. Alkalmazható világítástechnikában, LED szalag 12V-os gyengeáramú bekötő vezetékeként, hangfalak vezetékeiként, egyéb otthoni barkács célra.</p>\r\n\r\n<ul>\r\n  <li>Anyaga: rézzel bevont alumínium</li>\r\n  <li>Keresztmetszet: 2x1,5mm2</li>\r\n</ul>\r\n', 'Somogyi Kft.', 'Hangszóró vezeték', 6, 1200, 'képek/8465-4a244-hangszoro-vezetek-2x15-mm2-piros-fekete-somogyi-kls-15_w480.webp', NULL, NULL, NULL, 'hangszoro-vezetek-2x1,5-mm2'),
(49, 'Lakáselosztó falon kívüli 8 modulos', 4580, '<p>Schneider EASY9 EZ9EUC108 lakáselosztó szekrény, 8 modulos (1x8) egy soros falon kívül szerelhető kivitelben.</p>\r\n\r\n<p>Az elosztó nyitható, füst színű, átlátszó ajtóval rendelkezik, beltéri használatra ajánlott.</p>\r\n\r\n<ul>\r\n  <li>IP védettség: IP40</li>\r\n  <li>Anyaga: műanyag</li>\r\n  <li>Színe: fehér (füst ajtóval)</li>\r\n  <li>Méretek: 170 x 215 x 96,5 mm (magasság x szélesség x mélység)</li>\r\n  <li>Tartozékok: PE/N sínek és kalapsín</li>\r\n</ul>\r\n', 'Schneider Kft.', 'Falon kívüli', 7, 120, 'képek/19056-7e346-lakaseloszto-falon-kivuli-8-modulos-eloszto-szekreny-schneider-easy9_w480.webp', NULL, NULL, NULL, 'lakaseloszto-falon-kivuli-8-modulos'),
(50, 'Lakáselosztó falon kívüli 24 modulos', 9450, '<p>Schneider EASY9 EZ9EUC212 lakáselosztó szekrény, 24 modulos (2x12) kétsoros, falon kívül szerelhető kivitelben.</p>\r\n\r\n<p>Nyitható, füst színű, átlátszó ajtóval rendelkezik, beltéri használatra ajánlott.</p>\r\n\r\n<ul>\r\n  <li>IP védettség: IP40</li>\r\n  <li>Anyaga: műanyag</li>\r\n  <li>Színe: fehér (füst ajtóval)</li>\r\n  <li>Méretek: 326 x 256 x 103 mm (magasság x szélesség x mélység)</li>\r\n  <li>Tartozékok: PE/N sínek és kalapsínek</li>\r\n</ul>\r\n', 'Schneider Kft.', 'Falon kívüli', 7, 45, 'képek/19072-b1fcc-lakaseloszto-falon-kivuli-24-modulos-eloszto-szekreny-schneider-easy_w480.webp', NULL, NULL, NULL, 'lakaseloszto-falon-kivuli-24-modulos'),
(51, 'Lakáselosztó falon kívüli 36 modulos', 10990, '<p>Kanlux DB312S lakáselosztó szekrény, 36 modulos (3x12) kivitel, falon kívüli szereléssel.</p>\r\n\r\n<p>Beltéri használatra ajánlott, kalapsínnel és föld, nulla (PE, N) sínekkel szerelve.</p>\r\n\r\n<ul>\r\n  <li>IP védettség: IP40</li>\r\n  <li>Anyaga: műanyag</li>\r\n  <li>Szerelhetőség: falon kívül</li>\r\n  <li>Modulok száma: 36 (3 sor x 12 modul)</li>\r\n  <li>Méretek: 340 x 500 x 100 mm (szélesség x magasság x mélység)</li>\r\n  <li>Kiszerelés: 5 db / karton</li>\r\n</ul>\r\n', 'Kanlux', 'Falon kívüli', 7, 39, 'képek/10659-149e2-lakaseloszto-falon-kivuli-36-modulos-eloszto-szekreny-kanlux-db312s_w480.webp', NULL, NULL, NULL, 'lakaseloszto-falon-kivuli-36-modulos'),
(52, 'Fi relé csomag: 5 db', 25000, '<p>Fi relé (áramvédő kapcsoló) Commel 470-125 – 2 pólusú, 25A, 30mA, 6kA (AC típusú) kivitel.</p>\r\n\r\n<p>A csomag 5 db azonos típusú fi-relét tartalmaz.</p>\r\n\r\n<ul>\r\n  <li>Névleges áram: 25A</li>\r\n  <li>Névleges üzemi feszültség: 230V; 50 / 60Hz</li>\r\n  <li>Érzékenység: 30 mA (0,03 A)</li>\r\n  <li>Pólusok száma: 2P</li>\r\n  <li>Zárlati áram kopásállóság: 6000A</li>\r\n  <li>IP védelem: IP20 – beltéri használatra</li>\r\n</ul>\r\n', 'Commel Kft.', 'Csomag', 8, 12, 'képek/17619-49a75-fi-rele-csomag-5-db-2p-25a-30ma-6ka-ac-avk-commel-470-125_w480.webp', NULL, NULL, NULL, 'fi-rele-csomag:-5-db'),
(53, 'Fi relé 2P 25A 30mA', 6790, '<p>Kanlux KRD6 áramvédő kapcsoló (Fi-relé) 2P 25A 30mA 6kA (AC).</p>\r\n\r\n<p>A készülék előlapján található teszt gomb segítségével ellenőrizhető a működőképesség – ezt a szabványok szerint havonta egyszer javasolt elvégezni. A relé villás vagy csapos fázissínnel sorolható, TS35-ös kalapsínre pattintható.</p>\r\n\r\n<p>Schneider Resi kismegszakítókkal sorolható.</p>\r\n\r\n<ul>\r\n  <li>Névleges áramerősség: 25A</li>\r\n  <li>Érzékenység: 30mA</li>\r\n  <li>Megszakítóképesség: 6kA</li>\r\n  <li>Hálózati feszültség: 230V AC</li>\r\n  <li>Pólusok száma: 2</li>\r\n  <li>Beköthető vezeték keresztmetszete: 1,5–35 mm²</li>\r\n  <li>Készülék szélessége: 2 modul</li>\r\n</ul>\r\n', 'Commel Kft.', 'ÁVK', 8, 45, 'képek/8474-acd74-fi-rele-2p-25a-30ma-6ka-ac-aramvedo-kapcsolo-avk-ev-rele-kanlux-krd6_w480.webp', NULL, NULL, NULL, 'fi-rele-2p-25a-30ma'),
(54, 'Fi relé 4P 25A 30mA', 12530, '<p>Kanlux KRD6 áramvédő kapcsoló (Fi-relé) 4P 25A 30mA 6kA (AC).</p>\r\n\r\n<p>A készülék előlapján található teszt gomb segítségével ellenőrizhető a működőképesség – ezt a szabványok szerint havonta egyszer javasolt elvégezni. A relé villás vagy csapos fázissínnel sorolható, TS35-ös kalapsínre pattintható.</p>\r\n\r\n<p>Schneider Resi kismegszakítókkal sorolható.</p>\r\n\r\n<ul>\r\n  <li>Névleges áramerősség: 25A</li>\r\n  <li>Érzékenység: 30mA</li>\r\n  <li>Megszakítóképesség: 6kA</li>\r\n  <li>Hálózati feszültség: 230V AC</li>\r\n  <li>Pólusok száma: 4</li>\r\n  <li>Beköthető vezeték keresztmetszete: 1,5–35 mm²</li>\r\n  <li>Készülék szélessége: 4 modul</li>\r\n</ul>\r\n', 'Commel Kft.', 'ÁVK', 8, 145, 'képek/8491-bb9b7-fi-rele-4p-25a-30ma-6ka-ac-aramvedo-kapcsolo-avk-ev-rele-kanlux-krd6_w480.webp', NULL, NULL, NULL, 'fi-rele-4p-25a-30ma'),
(55, 'Tracon Kismegszakító Csomag', 12000, '<p>Tracon Kismegszakító CSOMAG (12db TDZ-1B-16)</p>\r\n\r\n<p>A csomag tartalma:</p>\r\n<ul>\r\n  <li>12 db Tracon Kismegszakító 1P B 16A 6kA TDZ-1B-16</li>\r\n</ul>\r\n\r\n<p>A Tracon kismegszakítók és FI relék háztartási beépítésre szolgálnak. A kismegszakítók \"B\", azaz gyors karakterisztikával rendelkeznek, amely biztosítja a gyors reagálást és az áramkör azonnali megszakítását veszélyes helyzetekben. A névlegesnél nagyobb áram esetén a kismegszakító automatikusan lekapcsolja az elektromos berendezést a hálózatról. Villás vagy csapos fázissínnel sorolható, TS35-ös kalapsínre pattintható.</p>\r\n\r\n<ul>\r\n  <li>Névleges áramerősség: 16A</li>\r\n  <li>Karakterisztika: \"B\", vezeték védő, gyors kioldású</li>\r\n  <li>Megszakítóképesség: 6kA</li>\r\n  <li>Hálózati feszültség: 230V/400V AC (váltakozó áram)</li>\r\n  <li>Pólusok száma: 1</li>\r\n  <li>Beköthető vezeték keresztmetszete: 1,5–25 mm²</li>\r\n  <li>Készülék szélessége: 1 modul</li>\r\n</ul>\r\n', 'Tracon Electric Kft.', 'Kismegszakító', 9, 14, 'képek/25277-ab8d4-tracon-kismegszakito-1b-16-csomag-12db-tdz-1b-16_w480.webp', NULL, NULL, NULL, 'tracon-kismegszakito-csomag'),
(56, 'Hager Kismegszakító 10A', 1550, '<p>Hager Kismegszakító 1P C 10A 4,5kA MY110</p>\r\n\r\n<p>Hager lomha kioldású kismegszakító, melynek feladata, hogy túláram- és zárlat-védelemmel lássa el az elektromos hálózatot, valamint a hálózatra kapcsolt elektromos berendezéseket, maximum 400 V-os hálózaton. A kismegszakító névlegesnél nagyobb áram esetén automatikusan lekapcsolja az elektromos berendezést a hálózatról. Villás vagy csapos fázissínnel sorolható, TS35-ös kalapsínre pattintható.</p>\r\n\r\n<ul>\r\n  <li>Névleges áramerősség: 10A</li>\r\n  <li>Karakterisztika: \"C\", vezeték védő, lomha kioldású</li>\r\n  <li>Megszakítóképesség: 4,5kA</li>\r\n  <li>Hálózati feszültség: 230V/400V AC (váltakozó áram)</li>\r\n  <li>Pólusok száma: 1</li>\r\n  <li>Beköthető vezeték keresztmetszete: 1,5–25 mm²</li>\r\n  <li>Készülék szélessége: 1 modul</li>\r\n</ul>\r\n', 'Hager Kft.', 'Kismegszakító', 9, 156, 'képek/8748-b6f02-hager-kismegszakito-1p-c-10a-45ka-my110_w480.webp', NULL, NULL, NULL, 'hager-kismegszakito-10a'),
(57, 'Schneider Kismegszakító 2A', 14560, '<p>Schneider ACTI9 iC60H kismegszakító 2P C 2A 6kA A9F04202</p>\r\n\r\n<p>A Schneider ACTI9 ipari minőségű kisautomata kapcsoló megbízható védelmet nyújt elektromos hálózatok számára. Villás vagy csapos fázissínnel sorolható, és TS35-ös kalapsínre könnyedén rögzíthető.</p>\r\n\r\n<ul>\r\n  <li>Névleges áramerősség: 2A</li>\r\n  <li>Megszakítóképesség: 6kA</li>\r\n  <li>Hálózati feszültség: 400V AC (váltakozó áram)</li>\r\n  <li>Pólusok száma: 2</li>\r\n  <li>Kismegszakító karakterisztika: C</li>\r\n  <li>Kábelcsatlakozás (alsó és felső):</li>\r\n  <ul>\r\n    <li>1–25 mm² merev vezeték</li>\r\n    <li>1–16 mm² sodrott vezeték</li>\r\n  </ul>\r\n  <li>Megengedett környezeti levegő hőmérséklet: -35…70 °C</li>\r\n</ul>\r\n', 'Schneider Kft.', 'Kismegszakító', 9, 214, 'képek/20124-2a989-schneider-acti9-ic60n-kismegszakito-2p-c-2a-6ka-a9f04202_w480.webp', NULL, NULL, NULL, 'schneider-kismegszakito-2a'),
(58, 'Kalapsín (TS35 sín, C sín, Din sín)', 880, '<p>Kalapsín (TS35 sín, C sín, Din sín) 1 m 14001</p>\r\n\r\n<p>TS35 típusú kalapsín, mely 1 méteres hosszban kapható. A sín csavarral rögzíthető és igény szerint méretre vágható, így tökéletesen alkalmazható villamos elosztók és kapcsolószekrények szerelésénél.</p>\r\n\r\n<ul>\r\n  <li>Típus: TS35 (C sín, DIN sín)</li>\r\n  <li>Hossz: 1 méter</li>\r\n  <li>Rögzítés: csavarral</li>\r\n  <li>Méretre vágható</li>\r\n</ul>\r\n', 'Elmark Kft.', 'Sín', 11, 120, 'képek/9212-0caa7-kalapsin-ts35-sin-c-sin-din-sin-1-m-14001_w480.webp', NULL, NULL, NULL, 'kalapsin-(ts35-sin,-c-sin,-din-sin)'),
(59, 'Fővezetéki leágazó sorkapocs 25 mm2', 5430, '<p>Fővezetéki leágazó sorkapocs 25 mm² Z/S DC Weidmüller WPD 202 4x35/4x25 GY</p>\r\n\r\n<p>A Weidmüller WPD 2 pólusú, mini moduláris fővezetéki leágazókapocs, mely TS35 kalapsinre pattintható, és további sorkapcsokkal sorolható. Az eszköz biztosítja a megbízható összeköttetést, még akkor is, ha az egyik csavar meglazulna, köszönhetően a bekötésenkénti kétcsavaros rögzítésnek.</p>\r\n\r\n<ul>\r\n  <li>Beköthető vezetékek: 2,5 mm² - 4x25 mm² és 4x35 mm² tömör vezetékek</li>\r\n  <li>Alkalmazható DC 1000V feszültségnél is</li>\r\n  <li>Névleges áram: 202A</li>\r\n  <li>Sorkapocs színe: zöld</li>\r\n  <li>Vezeték blankolás: 19 mm</li>\r\n  <li>Rögzítés: 2 csavaros</li>\r\n</ul>\r\n\r\n<p><strong>Méretek:</strong></p>\r\n<ul>\r\n  <li>Szélesség: 44,4 mm</li>\r\n  <li>Magasság: 55,4 mm</li>\r\n  <li>Mélység: 49,3 mm</li>\r\n  <li>Tömeg: 184 g</li>\r\n</ul>\r\n\r\n<p><strong>Környezeti hőmérséklet:</strong> -50°C - +130°C</p>\r\n\r\n<p>Csomagolás: 2 db/doboz</p>\r\n', 'Weidmüller Kft.', 'Sorkapocs', 11, 93, 'képek/26725-caf5f-fovezeteki-leagazo-sorkapocs-25-mm2-szurke-zoldsraga-dc-weidmuller-w_w480.webp', NULL, NULL, NULL, 'fovezeteki-leagazo-sorkapocs-25-mm2'),
(60, 'WAGO 3 vezetékes oldható összekötő', 269, '<p><strong>Akciós Wago ár 221-613 oldható csatos vezetékösszekötő sorkapocs csatlakozó</strong></p>\r\n\r\n<p>A Compact Wago vezetékösszekötő 3 db sodrott vagy tömör vezeték (0.5 - 6 mm²-ig) összekötését oldja meg. A 221-613 csatos sorkapocs kar lenyomásával az érintkező lemezke rögzíti a csatlakoztatott réz vezetéket.</p>\r\n\r\n<p>Az átlátszó ház segítségével pontosan látható a csatlakoztatott vezeték, így biztosabb a kötés rögzítése. A kisebb méret miatt könnyebb a beépítése a szerelvény dobozba.</p>\r\n\r\n<ul>\r\n  <li><strong>Terhelhetőség:</strong> 0.5 - 6 mm² keresztmetszetű tömör vagy sodrott vezeték esetén 450V/41A</li>\r\n  <li><strong>Kiszerelés:</strong> 30 db/doboz</li>\r\n  <li><strong>Szín:</strong> Átlátszó</li>\r\n</ul>\r\n', 'WAGO', 'Összekötő', 11, 345, 'képek/12729-82685-wago-3-vezetekes-oldhato-osszekoto-tomor-vagy-hajlekony-05-6mm2-41a-_w480.webp', NULL, NULL, NULL, 'wago-3-vezetekes-oldhato-osszekoto'),
(61, 'Gipszkarton csavar fémhez', 260, '<p><strong>Gipszkarton csavar fémhez 3,5x25 mm</strong></p>\r\n\r\n<p><strong>Termékkód:</strong> EM-GKCS-L-03525</p>\r\n\r\n<p>Gipszkarton csavar 3,5x25mm méretben, sűrűbb, fémhez használható menettel, 50db-os kiszerelésben.</p>\r\n\r\n<p>Gipszkarton tipli megtalálható a kínálatunkban.</p>\r\n', 'HaLáli Kft.', 'Gipszkarton', 11, 765, 'képek/14219-41d3c-gipszkarton-csavar-femhez-35x25mm-em-gkcs-l-03525-50dbcsom_w480.webp', NULL, NULL, NULL, 'gipszkarton-csavar-femhez'),
(62, 'Müanyag dübel tipli', 30, '<p><strong>Műanyag dübel tipli 12x70 szürke</strong></p>\r\n\r\n<p>Műanyag tipli 12x70mm-es méretben.</p>\r\n\r\n<p><strong>Ajánlott csavar méretek:</strong> 6x... 80mm-ig</p>\r\n', 'HaLáli Kft.', 'Tipli', 11, 6532, 'képek/7125-2ddd4-muanyag-dubel-tipli-12x70-szurke_w480.webp', NULL, NULL, NULL, 'muanyag-dubel-tipli'),
(63, 'Falon kívüli dugalj 2P+F', 1995, '<p><strong>Commel forradalmian új, felületre szerelhető, kültéri kapcsolók és aljzatok</strong></p>\r\n\r\n<p>Falon kívüli dugalj 2P+F Antracit konnektor csapófedéllel IP55 csatlakozóaljzat Commel 043-111.</p>\r\n\r\n\r\n<p>Az egyedülálló minőség és a modern antracit dizájn teszi különlegessé. Az IP55-ös besorolásnak köszönhetően ezek a termékek ideálisak nedves környezetekben és kültéren történő telepítéshez is.</p>\r\n\r\n<p>Innovatív, gyors és egyszerű összeszerelés, ami biztosítja a termékház biztonságos zárását. A gumírozott tömszelencék a ház különböző részein garantálják a maximális védelmet és tartósságot. Szimpla szerelvények esetében alsó-felső és hátsó gumi bevezető, dupla szerelvények esetében alsó-felső gumi bevezető kapott helyet.</p>\r\n\r\n<p><strong>Tulajdonságai:</strong></p>\r\n<ul>\r\n  <li>2P+F dugalj, konnektor csapófedéllel</li>\r\n  <li>220-250V 16A</li>\r\n  <li>Színe: antracit</li>\r\n</ul>\r\n\r\n<p><strong>AKTUÁLIS KÉSZLET SZERINT RENDELHETŐ!</strong></p>\r\n\r\n<p>Amennyiben a rendszer által engedett mennyiségtől többet szeretne rendelni, jelezze a megjegyzés rovatban vagy keresse ügyfélszolgálatunkat.</p>\r\n', 'Commel Kft.', 'Falon kívüli', 12, 120, 'képek/22190-9a63c-falon-kivuli-dugalj-2pf-antracit-konnektor-csapofedellel-ip55-csatla_w480.webp', NULL, NULL, NULL, 'falon-kivuli-dugalj'),
(64, 'Falon kívüli dugalj 2x2P+F', 1780, '<p><strong>Falon kívüli dugalj 2x2P+F fehér csapófedéllel IP44 Junior 321346</strong></p>\r\n\r\n<p>Falon kívüli dupla dugalj átlátszó, füst színű csapófedelekkel, vízszintes kivitelben.</p>\r\n\r\n<ul>\r\n  <li>A konnektor maximális áramerőssége: 16A (250V)</li>\r\n  <li>IP44 védelemmel ellátva</li>\r\n  <li>Csavaros bekötésű</li>\r\n  <li>Szín: fehér</li>\r\n</ul>\r\n', 'HaLáli Kft.', 'Falon kívüli', 12, 67, 'képek/14295-18543-falon-kivuli-dugalj-2x2pf-feher-csapofedellel-ip44-junior-321346_w480.webp', NULL, NULL, NULL, 'falon-kivuli-dugalj-2-2p-f'),
(65, 'Legrand kétpólusú kapcsoló', 2185, '<p><strong>Legrand Forix IP44 falon kívüli kétpólusú kapcsoló</strong> (102)</p>\r\n\r\n<p>Ez a kétpólusú kapcsoló kettő egymástól független, de egyszerre működtethető záróérintkezővel van szerelve. A kapcsoló a fogyasztók teljes leválasztását teszi lehetővé a fázis és a nulla vezető megszakításával. Alkalmas időszakosan nedves helyiségekben való használatra.</p>\r\n\r\n<ul>\r\n  <li><strong>Terhelhetőség:</strong> 10A</li>\r\n  <li><strong>Feszültségszint:</strong> max 250V</li>\r\n  <li><strong>Szín:</strong> sima és fényes felületű fehér</li>\r\n  <li><strong>Mérete:</strong> 70x70mm</li>\r\n  <li><strong>Mélység:</strong> 52mm</li>\r\n</ul>\r\n', 'Legrand Kft.', 'Falon kívüli', 12, 56, 'képek/11481-167c5-legrand-forix-ip44-falon-kivuli-ketpolusu-kapcsolo-10-ax-250-v-feher_w480.webp', NULL, NULL, NULL, 'legrand-ketpolusu-kapcsolo');

--
-- Eseményindítók `termek`
--
DELIMITER $$
CREATE TRIGGER `trg_before_insert_termek` BEFORE INSERT ON `termek` FOR EACH ROW BEGIN
    SET NEW.urlnev = clean_url(NEW.nev);
END
$$
DELIMITER ;

-- --------------------------------------------------------

--
-- Tábla szerkezet ehhez a táblához `tetelek`
--

CREATE TABLE `tetelek` (
  `id` int(10) NOT NULL,
  `rendeles_id` int(100) NOT NULL,
  `termek_id` int(10) NOT NULL,
  `tetelek_mennyiseg` int(5) NOT NULL,
  `fh_nev` varchar(100) NOT NULL,
  `statusz` text NOT NULL DEFAULT 'kosárban'
) ENGINE=InnoDB DEFAULT CHARSET=utf8 COLLATE=utf8_unicode_ci;

--
-- Indexek a kiírt táblákhoz
--

--
-- A tábla indexei `felhasznalo`
--
ALTER TABLE `felhasznalo`
  ADD PRIMARY KEY (`fh_nev`);

--
-- A tábla indexei `kategoria`
--
ALTER TABLE `kategoria`
  ADD PRIMARY KEY (`id`);

--
-- A tábla indexei `megrendeles`
--
ALTER TABLE `megrendeles`
  ADD PRIMARY KEY (`id`),
  ADD KEY `fh_nev` (`fh_nev`);

--
-- A tábla indexei `termek`
--
ALTER TABLE `termek`
  ADD PRIMARY KEY (`id`),
  ADD KEY `kategoria_id` (`kategoria_id`,`elerheto_darab`) USING BTREE;

--
-- A tábla indexei `tetelek`
--
ALTER TABLE `tetelek`
  ADD PRIMARY KEY (`id`),
  ADD UNIQUE KEY `rendeles_id` (`rendeles_id`,`termek_id`),
  ADD KEY `termek_id` (`termek_id`);

--
-- A kiírt táblák AUTO_INCREMENT értéke
--

--
-- AUTO_INCREMENT a táblához `kategoria`
--
ALTER TABLE `kategoria`
  MODIFY `id` int(3) NOT NULL AUTO_INCREMENT, AUTO_INCREMENT=20;

--
-- AUTO_INCREMENT a táblához `megrendeles`
--
ALTER TABLE `megrendeles`
  MODIFY `id` int(10) NOT NULL AUTO_INCREMENT, AUTO_INCREMENT=47;

--
-- AUTO_INCREMENT a táblához `termek`
--
ALTER TABLE `termek`
  MODIFY `id` int(10) NOT NULL AUTO_INCREMENT, AUTO_INCREMENT=66;

--
-- AUTO_INCREMENT a táblához `tetelek`
--
ALTER TABLE `tetelek`
  MODIFY `id` int(10) NOT NULL AUTO_INCREMENT, AUTO_INCREMENT=253;

--
-- Megkötések a kiírt táblákhoz
--

--
-- Megkötések a táblához `megrendeles`
--
ALTER TABLE `megrendeles`
  ADD CONSTRAINT `megrendeles_ibfk_1` FOREIGN KEY (`fh_nev`) REFERENCES `felhasznalo` (`fh_nev`) ON DELETE CASCADE ON UPDATE CASCADE;

--
-- Megkötések a táblához `termek`
--
ALTER TABLE `termek`
  ADD CONSTRAINT `termek_ibfk_1` FOREIGN KEY (`kategoria_id`) REFERENCES `kategoria` (`id`) ON DELETE CASCADE ON UPDATE CASCADE;

--
-- Megkötések a táblához `tetelek`
--
ALTER TABLE `tetelek`
  ADD CONSTRAINT `tetelek_ibfk_1` FOREIGN KEY (`rendeles_id`) REFERENCES `megrendeles` (`id`) ON DELETE CASCADE ON UPDATE CASCADE,
  ADD CONSTRAINT `tetelek_ibfk_2` FOREIGN KEY (`termek_id`) REFERENCES `termek` (`id`) ON DELETE CASCADE ON UPDATE CASCADE;
COMMIT;

/*!40101 SET CHARACTER_SET_CLIENT=@OLD_CHARACTER_SET_CLIENT */;
/*!40101 SET CHARACTER_SET_RESULTS=@OLD_CHARACTER_SET_RESULTS */;
/*!40101 SET COLLATION_CONNECTION=@OLD_COLLATION_CONNECTION */;
